time,geo,flood_affected_annual_number
1900,jam,0
1903,usa,0
1907,esp,0
1907,grc,6000
1909,usa,0
1910,jpn,0
1911,chn,0
1915,chn,3000000
1917,chn,635000
1920,dfr,0
1924,grc,0
1925,dfr,0
1925,grc,0
1926,bel,140000
1926,dfr,0
1926,ind,0
1926,rou,0
1927,dza,0
1927,usa,0
1928,bel,6000
1928,ind,2000
1930,fra,16200
1931,chn,0
1933,chn,3600000
1933,jam,0
1935,chn,10030000
1936,usa,0
1937,grc,800
1937,jam,0
1937,usa,0
1938,jpn,0
1938,nzl,0
1939,chn,0
1939,ita,0
1940,esp,6000
1940,fra,9000
1940,jam,2000
1943,jpn,0
1943,usa,0
1946,alb,0
1947,jpn,0
1948,bra,0
1948,chn,0
1948,tur,0
1948,usa,0
1949,chn,0
1949,gtm,0
1950,can,107000
1950,chn,10000000
1950,ecu,0
1950,ind,25000
1950,irn,0
1950,jpn,0
1950,pak,0
1950,usa,0
1951,chn,0
1951,irn,0
1951,ita,177400
1951,jpn,318534
1951,mar,0
1951,usa,0
1952,dza,0
1952,gbr,660
1952,mex,0
1953,bel,350
1953,ecu,0
1953,esp,0
1953,idn,0
1953,ind,0
1953,irn,0
1953,ita,4000
1953,jpn,1886760
1953,nld,300000
1954,chn,0
1954,egy,0
1954,irn,0
1954,irq,0
1954,mar,0
1954,npl,0
1954,pak,0
1955,aus,0
1955,lbn,0
1955,usa,0
1956,afg,0
1956,bel,0
1956,chn,0
1956,ind,77000
1956,irn,0
1956,pak,0
1956,tur,0
1957,bra,0
1957,chn,0
1957,esp,23200
1957,ind,10000
1957,irn,0
1957,jpn,258240
1957,kor,0
1957,pak,0
1957,tur,0
1958,arg,0
1958,fra,6900
1958,ind,5000
1959,bra,0
1959,chn,0
1959,col,0
1959,hti,0
1959,ind,13000
1959,jpn,0
1959,kor,0
1959,mex,0
1959,pak,0
1959,zaf,0
1960,bgd,0
1960,hkg,7000
1960,ind,160000
1960,nic,0
1961,hkg,135
1961,ind,2000
1961,jpn,1302249
1961,kor,0
1961,som,0
1962,col,0
1962,esp,20000
1962,hti,0
1962,ind,0
1962,jpn,0
1962,kor,0
1962,tun,0
1963,afg,0
1963,bgd,0
1963,dza,45400
1963,hti,0
1963,ind,0
1963,jor,0
1963,mar,35010
1964,bgd,1000000
1964,bra,120000
1964,fji,18000
1964,ind,770610
1964,jpn,0
1964,ken,15000
1964,mar,0
1964,pak,74427
1964,sau,1000
1964,tun,21000
1964,tur,3000
1964,tza,13900
1964,usa,0
1964,vnm,0
1964,yug,240000
1965,bol,500
1965,bra,270000
1965,chl,375000
1965,ecu,50000
1965,hnd,6000
1965,ita,1500
1965,jor,500
1965,jpn,3000000
1965,kor,344459
1965,mar,47813
1965,mex,0
1965,mmr,0
1965,mys,300000
1965,per,0
1965,pry,25000
1965,yug,95000
1966,arg,120000
1966,bgd,500000
1966,bol,6100
1966,bra,208138
1966,dza,35912
1966,hkg,11301
1966,idn,524100
1966,ind,900000
1966,irn,70
1966,ita,1300000
1966,jor,5792
1966,kor,197619
1966,lao,72000
1966,lka,352347
1966,mng,270000
1966,pan,2600
1966,pry,7390
1966,sen,2000
1966,tha,205200
1966,vnm,195902
1967,arg,212000
1967,bra,189543
1967,dza,30000
1967,ecu,20500
1967,idn,204000
1967,ind,1000000
1967,irq,260000
1967,jpn,151
1967,lka,47000
1967,mex,8345
1967,moz,50000
1967,mwi,1200
1967,mys,140000
1967,pak,150000
1967,per,50300
1967,prt,1100
1967,syr,40000
1967,ury,38063
1967,ven,23000
1968,bgd,15889616
1968,bol,26200
1968,eth,16000
1968,gha,25000
1968,idn,150000
1968,ind,8500000
1968,irn,0
1968,irq,150000
1968,ita,3000
1968,ken,0
1968,lao,9600
1968,nic,1560
1968,npl,1000
1968,phl,0
1968,tur,0
1968,tza,57000
1968,zaf,0
1969,bra,38305
1969,chn,0
1969,col,70000
1969,cri,4603
1969,dza,200237
1969,hkg,2000
1969,irn,0
1969,kor,227673
1969,lao,0
1969,lka,1000000
1969,mwi,2300
1969,sur,4600
1969,tun,271269
1969,usa,0
1970,arg,0
1970,ben,0
1970,bgd,10000000
1970,bra,104371
1970,brb,210
1970,col,5109000
1970,cri,15240
1970,ecu,150600
1970,hkg,1438
1970,hun,0
1970,idn,0
1970,ind,10351000
1970,ita,1301650
1970,kor,7000
1970,mar,266444
1970,mex,0
1970,mmr,0
1970,mys,243000
1970,npl,20000
1970,pan,44345
1970,per,136050
1970,pri,0
1970,rou,238755
1970,vnm,204000
1971,aus,0
1971,bel,600
1971,bra,13000
1971,col,0
1971,ecu,2400
1971,guy,21000
1971,ind,165000
1971,lao,115000
1971,moz,500000
1971,per,330000
1971,pry,27000
1972,afg,250000
1972,bgd,0
1972,bwa,1000
1972,esp,0
1972,hkg,22172
1972,hti,40000
1972,jpn,0
1972,kor,1128339
1972,mex,100070
1972,pan,300
1972,phl,2770647
1972,usa,3000
1972,ymd,0
1973,aus,12000
1973,bgd,0
1973,bra,0
1973,caf,13000
1973,col,5172
1973,dza,146000
1973,ecu,30000
1973,esp,20000
1973,gtm,1000
1973,mex,150027
1973,pak,4800000
1973,pan,4000
1973,phl,5000
1973,tun,44240
1973,usa,0
1973,ymn,2862
1974,aus,0
1974,bgd,38000000
1974,bol,18000
1974,bra,325000
1974,can,0
1974,chl,40000
1974,dza,20000
1974,ind,0
1974,mmr,1400000
1974,ner,16000
1974,phl,1201823
1974,rwa,1900000
1974,syr,205000
1974,tur,0
1974,tza,68000
1974,zaf,0
1975,bra,828000
1975,chn,11000000
1975,egy,0
1975,grd,0
1975,hkg,3256
1975,ind,34000000
1975,ken,16000
1975,mar,12000
1975,moz,75000
1975,phl,99
1975,rou,1000000
1975,sdn,145000
1975,tha,3000093
1975,ymn,50000
1976,afg,80000
1976,aus,10000
1976,bgd,4000000
1976,col,0
1976,eth,70000
1976,hkg,200
1976,hnd,15000
1976,idn,20020
1976,jpn,0
1976,mmr,200000
1976,nic,8000
1976,nzl,129
1976,pak,5566000
1976,phl,15878
1976,usa,250
1977,arg,2500
1977,bfa,900
1977,bgd,213650
1977,bol,90000
1977,bra,131000
1977,che,0
1977,cub,18000
1977,dji,91000
1977,eth,16000
1977,fra,25000
1977,gbr,20000
1977,grc,1600
1977,hkg,97
1977,idn,290000
1977,ind,1045000
1977,ita,1000
1977,jpn,0
1977,ken,20000
1977,kor,76000
1977,mar,38000
1977,mmr,3000
1977,moz,440000
1977,nzl,120
1977,pak,1022000
1977,per,940
1977,phl,7299
1977,pol,1000
1977,som,40000
1977,swe,236
1977,twn,26000
1977,usa,2700
1977,vct,0
1977,zaf,1000
1978,afg,271684
1978,arg,1600
1978,aus,0
1978,bgd,400000
1978,bol,178000
1978,bra,1000
1978,chl,6000
1978,dfr,1000
1978,dji,106000
1978,esp,650
1978,eth,1000
1978,fra,1000
1978,hkg,300
1978,idn,281600
1978,ind,32000000
1978,jpn,15000
1978,kor,2000
1978,lao,459000
1978,lka,2000
1978,mex,7000
1978,moz,200000
1978,mys,3000
1978,npl,27748
1978,nzl,2726
1978,pak,2246000
1978,pan,2000
1978,per,22000
1978,phl,2500
1978,sdn,100000
1978,sen,0
1978,tha,2028400
1978,tza,9000
1978,usa,0
1978,vnm,4079000
1978,zaf,0
1978,zmb,30900
1979,arg,20000
1979,blz,17000
1979,bra,1500000
1979,can,0
1979,col,102000
1979,dom,1000
1979,dza,30000
1979,egy,66000
1979,fra,2
1979,grc,4000
1979,hnd,40000
1979,idn,34850
1979,ind,28010000
1979,jam,250000
1979,jpn,28050
1979,mar,6292
1979,mex,60000
1979,mmr,10000
1979,mwi,20000
1979,nic,30000
1979,pak,3200
1979,phl,16000
1979,prt,45220
1979,pry,190000
1979,tun,750
1979,tza,90000
1979,yug,12000
1980,afg,30000
1980,arg,40000
1980,aut,0
1980,bgd,10000000
1980,bol,15000
1980,bra,271000
1980,chn,107100
1980,col,50
1980,cri,1350
1980,fra,313
1980,idn,2946
1980,ind,32051023
1980,irn,950100
1980,jpn,0
1980,mex,100000
1980,nic,40000
1980,nzl,2900
1980,pak,86200
1980,per,36000
1980,phl,25980
1980,pol,104000
1980,tha,630000
1980,tur,60000
1980,usa,117000
1980,vnm,628000
1981,alb,11000
1981,aus,0
1981,bra,52300
1981,chn,3187140
1981,col,0
1981,csk,600
1981,dji,102000
1981,dom,150000
1981,dza,50
1981,eth,20000
1981,fra,2300
1981,gin,5000
1981,hnd,0
1981,idn,352000
1981,ind,16000000
1981,irn,100
1981,lao,0
1981,lka,20000
1981,moz,500000
1981,npl,10000
1981,nzl,2250
1981,pak,0
1981,per,5000
1981,phl,309695
1981,prt,900
1981,som,30000
1981,sun,2000
1981,tur,0
1981,usa,0
1981,ymd,15000
1981,yug,22000
1981,zaf,185
1982,arg,50000
1982,ben,580000
1982,bgd,308000
1982,bol,30000
1982,chl,8000
1982,chn,816143
1982,col,0
1982,dza,8514
1982,ecu,700000
1982,esp,338600
1982,gtm,20256
1982,hkg,184
1982,idn,39000
1982,ind,33500000
1982,jpn,27347
1982,ken,3000
1982,lka,130000
1982,mex,5200
1982,mng,0
1982,mwi,6000
1982,npl,0
1982,pak,10000
1982,per,55000
1982,phl,297000
1982,pol,16824
1982,pry,85000
1982,slv,68000
1982,sun,586
1982,tun,30000
1982,tza,40000
1982,usa,0
1982,ymd,350000
1983,arg,6080000
1983,aut,0
1983,bgd,7160000
1983,bol,50000
1983,bra,3338300
1983,can,0
1983,che,0
1983,chn,0
1983,cub,164575
1983,dfr,12
1983,ecu,200000
1983,esp,507600
1983,fra,3712
1983,hkg,612
1983,idn,417497
1983,ind,250000
1983,lka,1250000
1983,lux,0
1983,mys,15000
1983,npl,200050
1983,nzl,140
1983,pak,64300
1983,phl,1835
1983,png,13000
1983,prt,2000
1983,pry,100000
1983,sdn,132000
1983,sen,5000
1983,sun,1000
1983,tha,1000000
1983,usa,0
1984,aus,0
1984,bfa,1500
1984,bgd,30000000
1984,bol,3000
1984,bra,391500
1984,brb,100
1984,chn,28000
1984,col,1940000
1984,dza,1470
1984,hnd,0
1984,idn,360200
1984,ind,19000000
1984,kor,351171
1984,lao,2000
1984,lka,575000
1984,mex,20000
1984,mrt,3000
1984,npl,0
1984,nzl,6805
1984,pak,2000
1984,pan,1000
1984,rou,2000
1984,sun,0
1984,tha,786171
1984,tur,200
1984,twn,15
1984,usa,5500
1984,vnm,38000
1985,arg,1206000
1985,aut,0
1985,ben,475000
1985,bfa,572
1985,bgd,500000
1985,bol,475
1985,bra,612000
1985,chn,18000
1985,cub,3000
1985,dom,895
1985,dza,15000
1985,eth,28000
1985,hkg,366
1985,idn,4300
1985,ind,11327000
1985,ita,30
1985,lso,80000
1985,moz,500000
1985,mrt,6900
1985,nga,6000
1985,npl,62557
1985,nzl,270
1985,phl,5444
1985,pri,0
1985,sau,5000
1985,sen,3000
1985,sun,10000
1985,swe,0
1985,tcd,500
1985,tha,7640
1985,usa,5550
1985,ven,15000
1985,vnm,2800000
1986,arg,204000
1986,aus,0
1986,bgd,400000
1986,bol,310000
1986,bra,8335
1986,can,4500
1986,chl,54118
1986,chn,9800000
1986,col,250000
1986,cub,7500
1986,fji,215000
1986,hnd,30000
1986,hti,143860
1986,idn,127000
1986,ind,395000
1986,irn,40000
1986,ita,0
1986,jam,40000
1986,jpn,162000
1986,lka,64485
1986,mdg,28223
1986,mex,0
1986,mys,25000
1986,npl,0
1986,nzl,1830
1986,pan,6000
1986,per,200000
1986,phl,615
1986,tha,27801
1986,tun,2500
1986,tza,6000
1986,ury,18500
1986,usa,2000
1986,vct,152
1986,vnm,0
1986,yug,8500
1987,arg,12000
1987,bgd,29700000
1987,bol,20000
1987,bra,10500
1987,can,0
1987,che,0
1987,chl,197364
1987,chn,940529
1987,col,850
1987,csk,0
1987,ecu,10000
1987,esp,28000
1987,fra,0
1987,gtm,6515
1987,hkg,1000
1987,hti,8910
1987,idn,28884
1987,ind,18300000
1987,irl,0
1987,irn,0
1987,ita,0
1987,jam,26000
1987,jor,29
1987,kna,0
1987,kor,154000
1987,lbn,1500
1987,lso,100000
1987,mdv,300
1987,mex,212
1987,mys,2576
1987,npl,351000
1987,nzl,700
1987,per,28519
1987,pol,6000
1987,prk,20071
1987,som,30000
1987,sun,36000
1987,tha,0
1987,vct,1000
1987,ven,29
1987,zaf,65000
1988,afg,161000
1988,arg,4600000
1988,aus,0
1988,ben,84000
1988,bfa,33324
1988,bgd,45000000
1988,bhs,0
1988,bra,3071734
1988,bwa,12007
1988,can,0
1988,chn,25645705
1988,cmr,1000
1988,col,130800
1988,cri,12500
1988,cub,90012
1988,dfr,3500
1988,dom,1191150
1988,eth,47240
1988,fra,45000
1988,gab,10000
1988,glp,0
1988,gtm,6000
1988,hnd,16125
1988,hti,3901
1988,idn,100000
1988,ind,22321000
1988,irn,150000
1988,isl,280
1988,jam,0
1988,jpn,0
1988,mli,10000
1988,mys,60000
1988,ner,80000
1988,nga,300000
1988,npl,0
1988,nzl,1958
1988,pak,1000000
1988,per,0
1988,pry,45000
1988,rwa,21678
1988,sdn,2500000
1988,sen,10000
1988,slv,39060
1988,sun,0
1988,tcd,47498
1988,tha,1114819
1988,tur,1500
1988,tza,6500
1988,usa,0
1988,ven,5480
1988,zaf,0
1989,ago,100000
1989,aus,0
1989,bdi,3600
1989,bgd,200000
1989,bra,1033944
1989,chl,0
1989,chn,100010000
1989,civ,7000
1989,col,0
1989,dji,150300
1989,ecu,30000
1989,esp,6800
1989,fji,0
1989,gha,2800
1989,gtm,0
1989,guy,0
1989,hkg,1857
1989,hti,24930
1989,idn,61500
1989,ind,2000
1989,irn,150000
1989,jpn,0
1989,lka,501000
1989,mex,0
1989,mli,14635
1989,moz,0
1989,mwi,100000
1989,nzl,154
1989,pak,142400
1989,per,500
1989,phl,307511
1989,slv,0
1989,som,50000
1989,sun,0
1989,tza,141056
1989,ymd,340000
1989,ymn,150000
1989,zmb,800000
1990,arg,2000
1990,aus,6800
1990,bgd,2011600
1990,blz,0
1990,bra,2800
1990,can,0
1990,chl,2500
1990,chn,42305805
1990,cod,27500
1990,col,20625
1990,cub,11000
1990,eth,350000
1990,hnd,48000
1990,idn,21000
1990,ind,2000
1990,irn,0
1990,jpn,588
1990,ken,0
1990,kor,189260
1990,lka,440000
1990,lso,0
1990,mex,17900
1990,nic,106411
1990,npl,2500
1990,per,2600
1990,phl,712736
1990,pry,15000
1990,sun,23488
1990,tun,152000
1990,tur,4500
1990,tza,162868
1990,usa,3350
1990,vnm,10200
1990,yug,20900
1991,afg,139400
1991,aut,0
1991,ben,0
1991,bgd,2990000
1991,bra,17000
1991,chn,210235727
1991,cmr,200
1991,cri,185021
1991,dfr,0
1991,dom,0
1991,egy,208
1991,gha,2000000
1991,idn,240000
1991,ind,8700000
1991,irn,215014
1991,jam,551340
1991,jor,18000
1991,khm,900000
1991,kor,1536
1991,lao,332000
1991,lka,297151
1991,mex,44000
1991,mmr,359976
1991,mwi,150000
1991,npl,482
1991,nzl,128
1991,pak,0
1991,pan,20061
1991,phl,823
1991,rou,15000
1991,sun,42000
1991,tcd,14
1991,tha,16574
1991,tur,500
1991,ury,1500
1991,usa,0
1991,vnm,295614
1991,yem,30000
1992,afg,4000
1992,alb,35000
1992,arg,88074
1992,bgd,75200
1992,bol,40050
1992,bra,147493
1992,chn,684435
1992,cub,9127
1992,deu,0
1992,dza,2258
1992,ecu,205000
1992,fra,5000
1992,hkg,1628
1992,idn,265553
1992,ind,3071000
1992,irn,35000
1992,ita,3530
1992,kor,278
1992,lao,150
1992,lka,655950
1992,mmr,4625
1992,nld,0
1992,pak,12839868
1992,per,30000
1992,phl,1053832
1992,png,90000
1992,pri,600
1992,pry,65575
1992,rus,0
1992,scg,6000
1992,slv,8000
1992,tjk,63500
1992,ury,4700
1992,vct,200
1992,vnm,109698
1993,arg,0
1993,aus,20530
1993,bel,3100
1993,bgd,15751613
1993,blr,40000
1993,can,200
1993,chl,3276
1993,chn,7400
1993,col,80283
1993,cri,38451
1993,cub,572000
1993,deu,100000
1993,dji,20000
1993,dom,20000
1993,dza,16
1993,eth,34800
1993,fra,8000
1993,gbr,6000
1993,gin,6066
1993,hnd,82447
1993,hti,5000
1993,idn,267553
1993,ind,128063000
1993,irl,3500
1993,irn,498728
1993,jam,4372
1993,jpn,4800
1993,kaz,30000
1993,lka,330000
1993,lux,0
1993,mex,261290
1993,mys,25000
1993,nld,13000
1993,npl,553268
1993,pak,261295
1993,per,219000
1993,phl,348084
1993,png,54000
1993,rus,14753
1993,sdn,2000
1993,sen,5000
1993,tha,889345
1993,tkm,420
1993,tto,10
1993,tza,201823
1993,ukr,325000
1993,usa,43900
1993,vnm,15000
1993,yem,21500
1993,zaf,15000
1994,bel,150
1994,ben,34000
1994,bfa,66500
1994,bgd,395100
1994,btn,600
1994,chn,111539385
1994,cmr,0
1994,cod,50
1994,cog,16500
1994,col,17969
1994,cri,2556
1994,cub,38600
1994,deu,0
1994,dji,120000
1994,dza,31200
1994,egy,160660
1994,esp,0
1994,eth,43014
1994,fra,1210
1994,gbr,700
1994,grc,1000
1994,gtm,600
1994,hkg,4017
1994,hnd,15500
1994,idn,328771
1994,ind,12062600
1994,irn,95000
1994,ita,17300
1994,khm,29000
1994,lao,190000
1994,lka,728150
1994,mda,25000
1994,mng,0
1994,ner,61992
1994,nga,580000
1994,nzl,157
1994,pak,840016
1994,per,101130
1994,phl,811583
1994,rou,0
1994,rus,797633
1994,sdn,5965
1994,sen,17500
1994,som,0
1994,tgo,11500
1994,tha,171257
1994,tjk,6051
1994,tza,7000
1994,usa,14070
1994,ven,0
1994,vnm,382000
1994,zaf,11000
1995,afg,7500
1995,alb,3500
1995,arg,2500
1995,aze,1658800
1995,ben,123000
1995,bgd,14718331
1995,blz,2600
1995,bra,33800
1995,bwa,5500
1995,caf,3914
1995,can,5600
1995,chl,0
1995,chn,126570411
1995,col,86000
1995,cub,33180
1995,egy,3000
1995,eth,93875
1995,geo,300
1995,gha,700000
1995,gtm,7435
1995,hnd,25000
1995,idn,260172
1995,ind,32707000
1995,irn,6261
1995,jpn,12000
1995,lao,591400
1995,lby,0
1995,lka,120000
1995,mar,38000
1995,mkd,1500
1995,mmr,31945
1995,mrt,600
1995,mwi,1300
1995,nor,4000
1995,npl,13000
1995,pak,1855000
1995,pan,500
1995,phl,129185
1995,prk,6200000
1995,pry,275000
1995,rou,19000
1995,slv,1500
1995,som,8500
1995,tcd,80686
1995,tgo,185000
1995,tha,4280984
1995,tur,306818
1995,tza,21850
1995,ukr,1700000
1995,usa,115300
1995,vnm,400000
1995,zaf,4500
1996,afg,9855
1996,aus,13226
1996,aut,0
1996,ben,148727
1996,bgd,5828319
1996,blr,0
1996,bra,7000
1996,caf,17500
1996,can,12000
1996,chn,154674000
1996,civ,0
1996,col,180200
1996,cri,20000
1996,cub,10866
1996,cze,60
1996,dom,1000
1996,dza,101
1996,egy,260
1996,esp,5000
1996,eth,115000
1996,fra,1380
1996,gmb,4000
1996,guf,70000
1996,guy,38000
1996,hnd,75000
1996,hti,40
1996,hun,200
1996,idn,824499
1996,ind,7270010
1996,irn,4000
1996,ita,500
1996,ken,1000
1996,khm,1300000
1996,kor,60365
1996,lao,420000
1996,lka,10000
1996,mar,60000
1996,mex,9000
1996,mng,0
1996,mys,418
1996,npl,152382
1996,pak,1300000
1996,phl,96000
1996,prk,3270000
1996,prt,3050
1996,rus,234000
1996,sdn,120400
1996,sle,200000
1996,som,100
1996,tha,5000000
1996,tjk,180000
1996,tto,200
1996,ukr,10000
1996,usa,243115
1996,ven,51500
1996,vnm,375000
1996,yem,243210
1996,zaf,7530
1997,afg,20750
1997,alb,6000
1997,arg,12500
1997,arm,7000
1997,aus,400
1997,aut,0
1997,aze,75000
1997,ben,51000
1997,bgd,900030
1997,bgr,200
1997,bol,190000
1997,bra,62200
1997,can,29000
1997,che,0
1997,chl,76800
1997,chn,7689229
1997,cod,35506
1997,col,15000
1997,cub,35000
1997,cze,102107
1997,deu,6500
1997,dza,3000
1997,ecu,49007
1997,egy,0
1997,esp,400
1997,eth,65022
1997,gbr,1200
1997,geo,500
1997,grc,0
1997,hkg,0
1997,hun,0
1997,ind,30259020
1997,irn,1400
1997,isr,0
1997,jor,0
1997,ken,900000
1997,kor,115
1997,kwt,200
1997,lka,5000
1997,mar,0
1997,mda,2244
1997,mmr,137418
1997,moz,400000
1997,mwi,400000
1997,nzl,200
1997,pak,851384
1997,phl,105000
1997,pol,224500
1997,prk,29000
1997,pry,75000
1997,rou,122320
1997,rus,500
1997,sdn,100000
1997,som,1232000
1997,svk,10000
1997,syc,1237
1997,tha,0
1997,twn,0
1997,tza,10132
1997,uga,153500
1997,ukr,0
1997,usa,191374
1997,ven,18000
1997,zaf,307
1998,afg,300
1998,arg,360000
1998,arm,144
1998,aus,15175
1998,bel,140
1998,ben,420000
1998,bgd,15000050
1998,bra,47500
1998,caf,9200
1998,can,3100
1998,chn,242714300
1998,cog,20000
1998,cze,5380
1998,gbr,18000
1998,grc,900
1998,idn,100000
1998,ind,29652200
1998,irn,56600
1998,isr,1000
1998,jpn,24033
1998,ken,200
1998,kgz,7728
1998,kor,121000
1998,lbr,5000
1998,lka,364485
1998,mdg,20000
1998,mex,30000
1998,mli,6434
1998,mwi,15000
1998,mys,2500
1998,ner,20000
1998,nga,107000
1998,nld,2000
1998,npl,70000
1998,nzl,200
1998,pak,200000
1998,pol,1200
1998,prk,10172
1998,pry,0
1998,rou,12000
1998,rus,190100
1998,sdn,1000000
1998,sen,300000
1998,svk,11667
1998,tcd,1000
1998,tgo,30405
1998,tjk,41890
1998,tur,1241047
1998,twn,300
1998,tza,4600
1998,uga,15200
1998,ukr,24570
1998,ury,9300
1998,usa,37000
1998,vnm,32505
1998,yem,3240
1998,zmb,1300000
1998,zwe,0
1999,afg,500
1999,aut,0
1999,ben,57469
1999,bfa,1560
1999,bgd,495420
1999,blr,2000
1999,bol,1600
1999,bra,0
1999,caf,45919
1999,che,0
1999,chn,107197000
1999,cmr,1000
1999,cod,78000
1999,cog,42000
1999,col,151390
1999,cri,9993
1999,deu,100000
1999,dza,702
1999,eth,147255
1999,fra,4105
1999,gbr,800
1999,gha,324602
1999,gmb,32000
1999,gtm,6023
1999,hnd,503001
1999,hti,50
1999,hun,133495
1999,idn,16000
1999,ind,27620000
1999,irn,25374
1999,jpn,24139
1999,khm,660379
1999,kor,30208
1999,lka,375000
1999,mda,1713
1999,mex,618360
1999,mli,2200
1999,mmr,50000
1999,moz,70000
1999,mrt,23800
1999,mwi,2000
1999,mys,2000
1999,ner,24395
1999,nga,117000
1999,nic,107105
1999,npl,18068
1999,nzl,350
1999,pak,1043
1999,pan,895
1999,per,491200
1999,phl,2105016
1999,png,38000
1999,prk,42135
1999,rou,9033
1999,rus,1200
1999,scg,71008
1999,sdn,280841
1999,slv,5450
1999,svk,36148
1999,tcd,173506
1999,tgo,65000
1999,tha,283762
1999,tjk,9392
1999,usa,100
1999,ven,543503
1999,vnm,5783281
1999,yem,19750
1999,zaf,2300
2000,ago,79011
2000,arg,37840
2000,aus,600
2000,bdi,500
2000,bgd,2679198
2000,bol,7010
2000,bra,87000
2000,btn,1000
2000,bwa,138776
2000,chl,181667
2000,chn,758407
2000,cmr,500
2000,col,79000
2000,cub,675
2000,cze,0
2000,dza,100
2000,ecu,32
2000,esp,8500
2000,eth,30000
2000,fra,9302
2000,gbr,44000
2000,grc,6600
2000,gtm,2986
2000,hti,1200
2000,hun,2000
2000,idn,475873
2000,ind,50386051
2000,irn,400
2000,ita,50322
2000,jpn,360110
2000,kaz,2500
2000,khm,3448053
2000,kor,3089
2000,lao,450000
2000,lka,400000
2000,mar,950
2000,mex,2000
2000,mli,0
2000,moz,4500000
2000,mwi,20000
2000,mys,8000
2000,nam,5000
2000,ner,4159
2000,nga,5500
2000,nic,5500
2000,nor,600
2000,npl,50070
2000,nzl,0
2000,pan,1000
2000,per,50
2000,phl,165643
2000,rou,63431
2000,rus,76501
2000,scg,4000
2000,slv,400
2000,som,373500
2000,swz,272000
2000,tha,3323801
2000,tur,1000
2000,tza,1817
2000,ury,5000
2000,usa,3646
2000,ven,27004
2000,vnm,5025007
2000,zaf,3200
2000,zmb,12000
2000,zwe,266000
2001,ago,39928
2001,arg,251300
2001,aus,4001
2001,bgd,700000
2001,bih,9000
2001,bol,357250
2001,bra,11046
2001,chl,12559
2001,chn,2349839
2001,cmr,1500
2001,cod,13026
2001,col,6000
2001,cri,1437
2001,dza,45423
2001,ecu,9530
2001,eth,39500
2001,fra,19092
2001,gbr,1150
2001,gha,144025
2001,gin,220000
2001,gmb,250
2001,grc,1050
2001,hrv,1200
2001,hti,5081
2001,hun,10000
2001,idn,85694
2001,ind,20610040
2001,irn,1205534
2001,ita,0
2001,jpn,138
2001,kaz,3668
2001,khm,1669182
2001,kor,310000
2001,lao,453000
2001,lka,160
2001,mar,300
2001,mex,0
2001,mli,3500
2001,mmr,3750
2001,moz,749326
2001,mrt,3000
2001,mwi,508750
2001,mys,33200
2001,ner,20000
2001,nga,89917
2001,nor,1500
2001,pak,400179
2001,pan,775
2001,per,66310
2001,phl,91300
2001,pol,15000
2001,pri,9480
2001,prk,187584
2001,prt,983
2001,rou,14803
2001,rus,375305
2001,rwa,3000
2001,scg,6150
2001,sdn,97000
2001,slv,1000
2001,som,6500
2001,spi,300
2001,svk,0
2001,tcd,175763
2001,tha,465239
2001,tjk,2190
2001,tls,2508
2001,tur,2520
2001,tza,200
2001,uga,800
2001,ukr,300000
2001,ury,5000
2001,usa,23800
2001,vnm,1608451
2001,wsm,0
2001,yem,0
2001,zaf,42668
2001,zmb,617900
2001,zwe,30000
2002,afg,5545
2002,alb,66884
2002,arg,6000
2002,aut,60000
2002,bdi,8000
2002,bel,2400
2002,bgd,1500000
2002,bgr,0
2002,bol,5146
2002,bra,3500
2002,can,0
2002,chl,230642
2002,chn,113255696
2002,cod,2540
2002,cog,53000
2002,col,124538
2002,cri,95040
2002,cub,35000
2002,cze,200000
2002,deu,330108
2002,dom,1750
2002,dza,2305
2002,ecu,54633
2002,egy,870
2002,eth,4000
2002,fra,12800
2002,gbr,1070
2002,gha,2200
2002,grc,390
2002,gtm,98740
2002,hnd,2689
2002,hti,38339
2002,hun,1430
2002,idn,591570
2002,ind,42008250
2002,irl,300
2002,irn,204500
2002,ita,10020
2002,jam,25000
2002,ken,175008
2002,khm,1470000
2002,kor,4007
2002,lao,150000
2002,lka,500000
2002,mar,15017
2002,mda,500
2002,mex,7000
2002,mkd,1650
2002,mli,22519
2002,mmr,50000
2002,moz,500
2002,mrt,27500
2002,mwi,396340
2002,nga,200
2002,nic,13546
2002,nzl,300
2002,pak,4010
2002,pan,26500
2002,per,10868
2002,phl,155567
2002,prk,58443
2002,prt,252
2002,pry,2765
2002,rou,19201
2002,rus,384613
2002,rwa,20000
2002,sau,0
2002,scg,3900
2002,sdn,100000
2002,sen,179000
2002,slv,100
2002,spi,480
2002,svk,0
2002,tha,3290920
2002,tjk,4251
2002,tur,3000
2002,tza,1200
2002,uga,860
2002,ury,2500
2002,usa,147750
2002,ven,55376
2002,vnm,1431816
2002,vut,3001
2002,yem,700
2002,zaf,2500
2003,afg,3753
2003,ago,825
2003,arg,163000
2003,asm,3
2003,aus,470
2003,aze,31500
2003,bel,0
2003,bfa,12120
2003,bgd,550000
2003,bol,57529
2003,bra,205981
2003,caf,240
2003,can,2470
2003,chn,155924986
2003,cod,1481
2003,col,39752
2003,cri,2500
2003,cub,600
2003,dom,65463
2003,dza,50
2003,ecu,7905
2003,eri,0
2003,eth,110000
2003,fra,27000
2003,gnb,0
2003,grc,450
2003,hnd,3105
2003,hti,162390
2003,idn,438428
2003,ind,7564545
2003,irn,1370
2003,ita,1350
2003,jpn,814
2003,ken,60300
2003,lbn,17000
2003,lka,695000
2003,mar,10000
2003,mdg,23370
2003,mex,53850
2003,mkd,4750
2003,mli,10000
2003,mng,1650
2003,moz,515003
2003,mrt,21000
2003,mwi,19500
2003,mys,18800
2003,nam,12000
2003,ner,30000
2003,nga,210000
2003,npl,59254
2003,pak,1266243
2003,pan,1000
2003,per,65462
2003,phl,3500
2003,pri,2405
2003,prt,36
2003,rou,850
2003,rus,600
2003,rwa,7016
2003,sau,13050
2003,sdn,325056
2003,sen,7769
2003,som,300
2003,tha,107700
2003,tjk,1755
2003,tls,1050
2003,tun,27000
2003,tza,2000
2003,uga,2200
2003,ukr,600
2003,ury,200
2003,usa,3200
2003,ven,650
2003,vnm,416823
2003,yem,0
2003,zaf,500
2003,zmb,11000
2003,zwe,18000
2004,afg,4500
2004,ago,333700
2004,alb,2500
2004,arg,6307
2004,arm,0
2004,aus,3620
2004,bdi,10000
2004,bgd,36871700
2004,bih,278000
2004,bra,5254
2004,btn,0
2004,bwa,4960
2004,caf,12702
2004,can,1000
2004,chl,9000
2004,chn,42720339
2004,col,531482
2004,cri,3056
2004,dji,100000
2004,dom,10002
2004,dza,27565
2004,eri,7013
2004,esp,600
2004,fji,600
2004,gbr,1008
2004,geo,90
2004,gnb,1000
2004,hti,31283
2004,hun,393
2004,idn,13000
2004,ind,33206000
2004,irn,4043
2004,jpn,28097
2004,ken,12000
2004,khm,0
2004,kor,4691
2004,lka,200000
2004,mex,4090
2004,mkd,100000
2004,mys,31038
2004,nam,25000
2004,nga,29900
2004,npl,800015
2004,nzl,5350
2004,pak,0
2004,pan,22748
2004,per,7500
2004,phl,21694
2004,png,10000
2004,pol,600
2004,pri,0
2004,prk,199705
2004,rou,28128
2004,rus,6520
2004,sau,430
2004,sle,0
2004,som,1500
2004,svk,230
2004,tha,507000
2004,tjk,400000
2004,tur,50100
2004,uga,30000
2004,usa,5340
2004,ven,4000
2004,vnm,35018
2004,zaf,15000
2004,zmb,196398
2005,afg,18318
2005,ago,10000
2005,alb,500
2005,aus,3000
2005,aut,900
2005,bdi,5000
2005,bel,210
2005,bgd,1150000
2005,bgr,25240
2005,bih,3100
2005,bra,41000
2005,caf,23805
2005,can,5600
2005,che,4400
2005,chl,1348
2005,chn,34752066
2005,cmr,0
2005,cog,2000
2005,col,601866
2005,cri,2998
2005,cze,0
2005,deu,450
2005,dom,1450
2005,dza,1820
2005,eth,242418
2005,fin,400
2005,fra,4000
2005,gbr,800
2005,geo,2500
2005,gtm,0
2005,guy,274774
2005,hnd,800
2005,hrv,250
2005,hti,14083
2005,hun,0
2005,idn,20790
2005,ind,28281571
2005,irn,4750
2005,jpn,900
2005,kaz,25000
2005,ken,36200
2005,kgz,2050
2005,khm,0
2005,kor,14510
2005,lka,145000
2005,ltu,0
2005,mda,6500
2005,mdg,59617
2005,mex,14000
2005,mkd,2000
2005,mli,1860
2005,moz,47837
2005,mrt,7500
2005,mwi,44500
2005,mys,30600
2005,nga,4004
2005,npl,31600
2005,nzl,400
2005,pak,7527043
2005,pan,7000
2005,phl,193046
2005,png,2493
2005,pol,3600
2005,prk,16298
2005,rou,124071
2005,rus,9045
2005,sau,67
2005,scg,3790
2005,sdn,160780
2005,sen,50000
2005,sle,15000
2005,slv,2332
2005,som,7520
2005,svk,0
2005,svn,0
2005,tha,819310
2005,tjk,5112
2005,tur,3000
2005,twn,2700
2005,tza,10548
2005,ukr,8340
2005,usa,18258
2005,uzb,1500
2005,ven,45797
2005,vnm,92393
2005,yem,721
2005,zmb,4000
2006,afg,32975
2006,ago,225
2006,arg,4500
2006,aus,1100
2006,aut,1840
2006,bdi,14805
2006,bfa,25610
2006,bgd,211775
2006,bgr,4200
2006,bol,126600
2006,bra,116000
2006,can,3900
2006,che,3000
2006,chl,95862
2006,chn,14990065
2006,cod,12970
2006,cog,5000
2006,col,221465
2006,cub,1500
2006,cze,4315
2006,deu,1000
2006,dza,60000
2006,ecu,57670
2006,esp,289
2006,eth,434146
2006,fji,224
2006,geo,600
2006,gin,1200
2006,grc,3090
2006,guy,35000
2006,hnd,1500
2006,hrv,0
2006,hti,24700
2006,hun,32000
2006,idn,698908
2006,ind,7234178
2006,irn,2800
2006,irq,59910
2006,jam,5000
2006,jpn,10532
2006,ken,783300
2006,khm,38000
2006,kor,4630
2006,lka,333002
2006,mar,2100
2006,mex,0
2006,mkd,1500
2006,mli,1000
2006,mmr,10000
2006,mrt,10619
2006,mwi,16000
2006,mys,106518
2006,nam,2300
2006,ner,46472
2006,nga,13000
2006,nor,200
2006,npl,0
2006,nzl,1200
2006,pak,8125
2006,pan,6430
2006,per,15325
2006,phl,732509
2006,png,12400
2006,pol,500
2006,prk,91824
2006,prt,367
2006,rou,50342
2006,rus,7720
2006,scg,36200
2006,sdn,167000
2006,som,486500
2006,sur,25000
2006,svk,100
2006,syr,0
2006,tcd,0
2006,tgo,2000
2006,tha,2557308
2006,tur,63015
2006,twn,300
2006,tza,21528
2006,uga,5680
2006,ukr,5000
2006,usa,74060
2006,ven,135
2006,vnm,52120
2006,yem,2320
2006,zaf,7160
2007,afg,30255
2007,ago,46000
2007,arg,135000
2007,aus,5000
2007,aut,480
2007,bdi,25701
2007,ben,10884
2007,bfa,121043
2007,bgd,13851440
2007,bgr,1070
2007,bol,824519
2007,bra,206352
2007,caf,7812
2007,can,500
2007,che,101
2007,chn,111093292
2007,civ,2000
2007,cmr,10296
2007,cod,1600
2007,cog,25000
2007,col,2671487
2007,cri,24500
2007,cub,18000
2007,cze,300
2007,deu,0
2007,dom,19830
2007,dza,1305
2007,esp,16600
2007,eth,245386
2007,fji,900
2007,gbr,370200
2007,gha,332600
2007,gin,20685
2007,gmb,300
2007,grc,600
2007,gtm,2096
2007,hnd,15500
2007,hti,104961
2007,idn,569547
2007,ind,38143008
2007,irn,0
2007,jpn,10000
2007,ken,42651
2007,kgz,845
2007,khm,19000
2007,kor,1000
2007,lbr,17000
2007,lka,406000
2007,mdg,33000
2007,mdv,1649
2007,mex,1655000
2007,mli,88858
2007,mmr,166664
2007,mne,1086
2007,moz,402035
2007,mrt,54120
2007,mwi,201965
2007,mys,166533
2007,nam,15000
2007,ner,57274
2007,nga,55000
2007,nic,24000
2007,npl,640706
2007,pak,2706
2007,pan,129
2007,per,47714
2007,phl,86747
2007,prk,1170518
2007,rou,6976
2007,rus,14000
2007,rwa,4500
2007,sdn,565335
2007,sen,5300
2007,sle,4500
2007,slv,500
2007,som,10012
2007,srb,12370
2007,tcd,173000
2007,tgo,141331
2007,tha,183000
2007,tjk,17309
2007,tls,947
2007,tun,6500
2007,tur,3186
2007,uga,721045
2007,ury,120000
2007,usa,8810
2007,vnm,962172
2007,yem,2618
2007,zaf,38000
2007,zmb,1553521
2007,zwe,17000
2008,afg,1180
2008,ago,81400
2008,arg,85000
2008,aus,8400
2008,bdi,3275
2008,ben,158235
2008,bfa,4870
2008,bgd,635640
2008,blz,38000
2008,bra,1752391
2008,caf,795
2008,can,2400
2008,chl,144755
2008,chn,7189166
2008,civ,450
2008,cmr,25000
2008,cod,502
2008,col,1200091
2008,cri,154498
2008,cub,20000
2008,dza,59050
2008,ecu,289122
2008,eth,116440
2008,fsm,0
2008,gbr,5000
2008,gha,58000
2008,gin,4200
2008,gmb,400
2008,gnb,750
2008,gtm,197300
2008,guy,100000
2008,hnd,313357
2008,idn,476195
2008,ind,13989018
2008,irn,1480
2008,irq,600
2008,ita,300
2008,jpn,50003
2008,kaz,13000
2008,ken,62438
2008,kir,85
2008,kor,13
2008,lao,204190
2008,lbr,340
2008,lka,776905
2008,mar,20000
2008,mda,4000
2008,mex,20000
2008,mhl,600
2008,mli,2500
2008,moz,3500
2008,mwi,16380
2008,mys,8000
2008,nam,65000
2008,ner,32000
2008,nic,14188
2008,npl,250003
2008,pak,290764
2008,pan,23837
2008,per,450012
2008,phl,1602889
2008,png,75300
2008,prt,110
2008,rou,11000
2008,rwa,11346
2008,sen,23600
2008,slv,3000
2008,som,52000
2008,ssd,92791
2008,sur,6548
2008,swz,2500
2008,tcd,14450
2008,tgo,44814
2008,tha,1572157
2008,tza,9457
2008,uga,30040
2008,ukr,224725
2008,usa,11032648
2008,ven,1500
2008,vnm,632504
2008,yem,25064
2008,zaf,4000
2008,zmb,15000
2009,afg,62516
2009,ago,225065
2009,alb,6600
2009,arg,34128
2009,aus,9200
2009,aut,0
2009,aze,5000
2009,bdi,8000
2009,ben,119657
2009,bfa,151500
2009,bgd,500000
2009,bih,3730
2009,bol,63000
2009,bra,1862648
2009,bwa,4656
2009,caf,11000
2009,can,200
2009,chn,45226038
2009,cod,5000
2009,col,31250
2009,com,2500
2009,cpv,150
2009,cze,14450
2009,deu,0
2009,dom,14565
2009,dza,2548
2009,ecu,11807
2009,fji,10556
2009,gbr,3900
2009,gha,159545
2009,gin,40000
2009,gmb,14258
2009,gtm,10800
2009,hti,12706
2009,idn,26804
2009,ind,5986008
2009,irl,6800
2009,irq,3000
2009,ita,5140
2009,ken,136200
2009,lao,0
2009,lbr,584
2009,lka,380000
2009,mar,9520
2009,mex,140184
2009,mli,20406
2009,mne,1100
2009,mng,15000
2009,moz,6925
2009,mrt,10000
2009,mys,10875
2009,nam,350000
2009,ner,79129
2009,nga,150000
2009,nic,6885
2009,npl,257786
2009,pak,75080
2009,pan,4248
2009,per,236308
2009,phl,1083276
2009,pol,1870
2009,pry,12035
2009,rou,4
2009,sau,10000
2009,sdn,111455
2009,sen,264000
2009,slb,7000
2009,sle,1470
2009,som,1750
2009,srb,3210
2009,tcd,12915
2009,tgo,0
2009,tha,200000
2009,tjk,15000
2009,tun,5008
2009,tur,35131
2009,tza,50000
2009,ury,4000
2009,usa,9960
2009,vnm,740000
2009,vut,950
2009,zaf,20300
2009,zmb,614814
2010,afg,45000
2010,ago,189781
2010,alb,14000
2010,aus,186000
2010,aze,70000
2010,bdi,1990
2010,bel,690
2010,ben,831000
2010,bfa,133362
2010,bgd,575000
2010,bgr,90
2010,bih,34910
2010,bol,227860
2010,bra,244938
2010,caf,1585
2010,chn,140194136
2010,civ,6425
2010,cmr,3095
2010,cod,70500
2010,col,2796560
2010,cri,3106
2010,cze,8800
2010,deu,1400
2010,dom,35200
2010,ecu,6940
2010,egy,3500
2010,esp,14000
2010,eth,80700
2010,fra,1000
2010,gbr,400
2010,gha,17174
2010,gin,48026
2010,gmb,38961
2010,gnb,56792
2010,grc,150
2010,gtm,3270
2010,hnd,5010
2010,hrv,5210
2010,hti,22087
2010,hun,5000
2010,idn,56590
2010,ind,3772408
2010,isr,0
2010,ita,300
2010,jpn,0
2010,kaz,29200
2010,ken,211164
2010,khm,0
2010,lbr,15486
2010,lca,2000
2010,lka,770265
2010,ltu,0
2010,mar,77009
2010,mda,12000
2010,mex,1020000
2010,mli,32000
2010,mne,6350
2010,moz,17000
2010,mrt,8750
2010,mwi,21290
2010,nam,110000
2010,ner,233226
2010,nga,1500200
2010,nic,75860
2010,npl,8000
2010,pak,20363496
2010,pan,32941
2010,per,80000
2010,phl,2846935
2010,pol,282400
2010,prk,55785
2010,prt,618
2010,pse,500
2010,rou,12237
2010,rus,48464
2010,sau,85
2010,sdn,26362
2010,sen,102516
2010,slb,16017
2010,sle,234
2010,som,16200
2010,srb,5300
2010,ssd,290000
2010,svk,650
2010,svn,2000
2010,tcd,144579
2010,tgo,111550
2010,tha,8970653
2010,tjk,8622
2010,ukr,40059
2010,usa,1000
2010,ven,94800
2010,vnm,1489833
2010,yem,1002
2010,zmb,1200
2010,zwe,820
2011,afg,12810
2011,ago,90684
2011,aus,217
2011,bdi,685
2011,ben,5840
2011,bgd,1570559
2011,bol,88825
2011,bra,1215600
2011,bwa,0
2011,caf,2935
2011,can,2000
2011,chn,93360000
2011,cod,8000
2011,col,1487523
2011,cri,46695
2011,dom,11200
2011,dza,793
2011,ecu,3600
2011,esp,2400
2011,eth,40200
2011,fra,2300
2011,geo,1750
2011,gha,94044
2011,gin,20143
2011,gtm,534828
2011,hnd,69798
2011,hti,4438
2011,idn,19864
2011,ind,12004069
2011,irl,600
2011,irq,2001
2011,ita,0
2011,jpn,2000
2011,kaz,16000
2011,ken,100692
2011,khm,1640023
2011,kor,29000
2011,lao,467000
2011,lka,1293924
2011,lso,5000
2011,mex,480000
2011,mli,15415
2011,mmr,35734
2011,moz,63946
2011,mwi,83587
2011,mys,20000
2011,nam,500000
2011,ner,41175
2011,nga,30915
2011,nic,143018
2011,npl,1858
2011,pak,5400755
2011,pan,4000
2011,per,822945
2011,phl,2218828
2011,prk,51093
2011,rus,14169
2011,rwa,3608
2011,sau,0
2011,sen,5220
2011,sle,0
2011,slv,300000
2011,som,2800
2011,srb,5000
2011,tha,10216110
2011,tjk,2130
2011,tza,65976
2011,uga,63075
2011,usa,36100
2011,vct,275
2011,ven,3668
2011,vnm,1361584
2011,zaf,200321
2011,zmb,1375
2011,zwe,0
2012,afg,51150
2012,arg,10000
2012,aus,16000
2012,ben,55000
2012,bfa,21000
2012,bgd,5398475
2012,bgr,37950
2012,bol,69085
2012,bra,299000
2012,can,1500
2012,chl,4300
2012,chn,32992000
2012,cmr,51980
2012,cod,4535
2012,cog,9614
2012,col,81518
2012,com,65137
2012,cri,9523
2012,cub,3000
2012,dom,14570
2012,dza,101
2012,ecu,71860
2012,esp,755
2012,fji,19545
2012,gab,77845
2012,gbr,3995
2012,geo,100018
2012,grc,200
2012,hrv,1500
2012,hti,26465
2012,idn,33320
2012,ind,4248360
2012,irn,1000
2012,irq,0
2012,ita,20000
2012,jpn,48135
2012,kaz,9400
2012,ken,280670
2012,kgz,11000
2012,khm,71500
2012,lka,447021
2012,mmr,85000
2012,mwi,90735
2012,nam,650
2012,ner,530952
2012,nga,7000867
2012,nic,29500
2012,npl,5
2012,pak,5050564
2012,pan,9448
2012,per,50029
2012,phl,4614628
2012,png,200000
2012,prk,93089
2012,pry,78945
2012,pse,1500
2012,rus,46807
2012,rwa,11160
2012,sau,0
2012,sdn,135135
2012,sen,57000
2012,slb,4836
2012,som,32200
2012,ssd,157000
2012,svn,12000
2012,tcd,613631
2012,tha,235545
2012,tjk,5556
2012,tur,0
2012,twn,35000
2012,tza,0
2012,uga,15000
2012,usa,300
2012,ven,11000
2012,vnm,17540
2012,zaf,125000
2013,afg,17097
2013,ago,1000
2013,alb,2800
2013,arg,350000
2013,aut,200
2013,ben,32735
2013,bfa,11396
2013,bhs,1000
2013,bol,483995
2013,bra,247410
2013,bwa,4210
2013,caf,32993
2013,can,100000
2013,chn,7684030
2013,cmr,805
2013,col,51781
2013,cub,227
2013,cze,1300000
2013,deu,600000
2013,dom,0
2013,ecu,25567
2013,esp,600
2013,eth,51500
2013,fra,9350
2013,gbr,600
2013,geo,25000
2013,gha,25000
2013,gin,11106
2013,gmb,3300
2013,hti,33265
2013,hun,48565
2013,idn,591276
2013,ind,3419473
2013,irq,0
2013,ita,2700
2013,jpn,3633
2013,ken,115800
2013,khm,1500000
2013,lao,574253
2013,lby,2000
2013,lca,19984
2013,lka,73961
2013,mex,0
2013,mkd,4864
2013,mli,46000
2013,mmr,73300
2013,moz,240000
2013,mrt,6530
2013,mus,82
2013,mwi,33000
2013,mys,75000
2013,nam,14500
2013,ner,181029
2013,nga,81506
2013,nic,14149
2013,nor,500
2013,npl,16823
2013,pak,1497782
2013,per,181121
2013,phl,4500338
2013,png,35000
2013,prk,848690
2013,pry,61400
2013,pse,12500
2013,rou,6901
2013,rus,35635
2013,sau,1021
2013,sdn,500133
2013,sen,163306
2013,slb,10227
2013,som,105000
2013,srb,3000
2013,ssd,581000
2013,svk,7800
2013,tha,3515254
2013,uga,25445
2013,ukr,2260
2013,usa,34725
2013,vct,17422
2013,vnm,2161001
2013,yem,49092
2013,zmb,1800
2013,zwe,9700
2014,afg,142055
2014,arg,7203
2014,bdi,12682
2014,bgd,3200447
2014,bgr,9247
2014,bih,1000600
2014,bol,185120
2014,bra,618152
2014,can,6904
2014,chl,12555
2014,chn,23581500
2014,civ,0
2014,cmr,250000
2014,cod,4750
2014,col,72214
2014,dom,300
2014,fra,9800
2014,gbr,1000
2014,geo,12000
2014,grc,2320
2014,gtm,87500
2014,hnd,23000
2014,hrv,9616
2014,hti,30000
2014,hun,6500
2014,idn,423227
2014,ind,5222500
2014,irn,440000
2014,ita,9691
2014,kaz,2709
2014,khm,530450
2014,kir,220
2014,kor,0
2014,lao,750
2014,lka,1204029
2014,mar,0
2014,mhl,360
2014,mmr,40000
2014,moz,76286
2014,mys,230000
2014,ner,165578
2014,nga,10000
2014,nic,60345
2014,npl,187294
2014,pak,2530673
2014,pan,116
2014,per,92878
2014,phl,145130
2014,png,27000
2014,pri,0
2014,pry,233360
2014,rou,2525
2014,rus,24545
2014,sdn,266204
2014,slb,52000
2014,som,90000
2014,srb,59600
2014,svn,4400
2014,swz,400
2014,syc,4435
2014,tha,131288
2014,tjk,13223
2014,tza,40000
2014,usa,102040
2014,zaf,7185
2014,zmb,20000
2014,zwe,2502
2015,afg,3010
2015,ago,5000
2015,alb,42300
2015,arg,141133
2015,aus,0
2015,bdi,4179
2015,bfa,28925
2015,bgd,1411901
2015,bgr,0
2015,bih,0
2015,blz,20000
2015,bol,96890
2015,bra,298510
2015,chl,193997
2015,chn,1374371
2015,civ,0
2015,cmr,30000
2015,cod,190560
2015,col,8105
2015,cri,9666
2015,cub,10089
2015,dom,21200
2015,dza,35000
2015,ecu,1185
2015,esp,1750
2015,eth,210600
2015,fra,0
2015,gbr,48000
2015,geo,10320
2015,gha,5000
2015,gin,29628
2015,grc,500
2015,gtm,65136
2015,guy,199000
2015,hrv,1200
2015,hti,45000
2015,idn,67309
2015,ind,16413459
2015,irn,26430
2015,irq,65000
2015,ita,550
2015,jpn,45046
2015,kaz,12670
2015,ken,245299
2015,khm,22000
2015,lao,47940
2015,lka,27309
2015,mdg,24000
2015,mex,3000
2015,mkd,105030
2015,mli,2000
2015,mmr,1635703
2015,moz,177645
2015,mwi,638645
2015,mys,3000
2015,ner,87037
2015,nga,100420
2015,nic,3750
2015,nzl,500
2015,pak,1577490
2015,pan,3500
2015,per,150640
2015,phl,231309
2015,png,20000
2015,prk,3541
2015,pry,140150
2015,rou,2000
2015,rus,1500
2015,rwa,3431
2015,sau,0
2015,sdn,0
2015,sle,24303
2015,slv,0
2015,som,916296
2015,tjk,10802
2015,tur,6500
2015,tza,5000
2015,ury,35326
2015,usa,28650
2015,ven,45297
2015,vnm,15100
2016,afg,0
2016,ago,9899
2016,alb,4800
2016,arg,85769
2016,aus,280
2016,aut,0
2016,bel,0
2016,bfa,34893
2016,bgd,1900000
2016,bol,5420
2016,bra,50500
2016,can,300
2016,chl,100
2016,chn,61308000
2016,civ,0
2016,cod,12635
2016,col,2272
2016,deu,0
2016,dom,2795400
2016,ecu,33955
2016,esp,150
2016,eth,493080
2016,fra,20024
2016,gha,0
2016,grc,200
2016,hnd,450000
2016,hti,94505
2016,hun,2282
2016,idn,392009
2016,ind,3806000
2016,ita,400
2016,jpn,6000
2016,ken,11000
2016,lao,26328
2016,lbr,15431
2016,lka,301602
2016,mex,53000
2016,mkd,33582
2016,mli,9500
2016,mmr,852227
2016,moz,171600
2016,mwi,2800
2016,mys,31841
2016,ner,126266
2016,nga,12000
2016,npl,20574
2016,nzl,300
2016,omn,0
2016,pak,10762
2016,per,10000
2016,phl,2563098
2016,png,6600
2016,pol,3
2016,prk,667715
2016,rou,500
2016,rus,11696
2016,rwa,0
2016,sau,915
2016,sdn,200004
2016,sen,10646
2016,som,0
2016,srb,8655
2016,ssd,22000
2016,tha,808843
2016,tjk,12750
2016,tza,140275
2016,uga,10000
2016,ukr,200
2016,ury,10605
2016,usa,91000
2016,vct,25000
2016,ven,0
2016,vnm,1428585
2016,yem,29750
2016,zaf,7500
2017,afg,1822
2017,ago,30250
2017,alb,21002
2017,are,188
2017,arg,51777
2017,bfa,882
2017,bgd,8086025
2017,bgr,0
2017,bra,104140
2017,bwa,3250
2017,caf,3500
2017,can,19113
2017,chl,7224
2017,chn,12333608
2017,civ,225
2017,cmr,12890
2017,cod,500
2017,col,30853
2017,deu,600
2017,fra,160
2017,gbr,300
2017,gha,1000000
2017,gin,3287
2017,gmb,20000
2017,grc,6024
2017,gtm,42559
2017,guy,3274
2017,hnd,48020
2017,hti,50342
2017,idn,339880
2017,ind,22271843
2017,irl,600
2017,irn,2000
2017,ita,1000
2017,jpn,2944
2017,kaz,7000
2017,ken,25000
2017,lka,893129
2017,mex,800
2017,mmr,92000
2017,mwi,55921
2017,mys,21981
2017,nam,2502
2017,ner,209513
2017,nga,10500
2017,nic,13715
2017,npl,1706134
2017,nzl,2200
2017,omn,200
2017,pak,63017
2017,per,2188505
2017,phl,1842000
2017,pyf,5004
2017,rus,15721
2017,sau,481
2017,sdn,55647
2017,tgo,16060
2017,tha,3790498
2017,tjk,700
2017,twn,4074
2017,tza,0
2017,uga,14
2017,ury,6639
2017,usa,370
2017,vnm,90203
2017,yem,8
2017,zaf,200
2018,afg,4000
2018,ago,3000
2018,alb,1340
2018,arg,63420
2018,aus,600
2018,bdi,47956
2018,bgd,14000
2018,bgr,600
2018,blr,50000
2018,bol,12186
2018,bra,1250
2018,bwa,4225
2018,can,4000
2018,chn,3698400
2018,civ,25000
2018,cod,15760
2018,col,60000
2018,cri,125190
2018,dom,7390
2018,dza,200
2018,esp,200
2018,fra,5066
2018,geo,1143
2018,gha,100000
2018,gtm,76945
2018,hnd,6948
2018,hrv,471
2018,idn,143464
2018,ind,23307698
2018,irn,7135
2018,irq,25000
2018,isr,0
2018,ita,23
2018,jor,64
2018,jpn,1500102
2018,kaz,400
2018,ken,211188
2018,khm,5817
2018,kwt,0
2018,lao,13100
2018,lka,303712
2018,mex,120
2018,mli,13150
2018,mmr,173050
2018,mng,8301
2018,moz,77150
2018,mwi,9613
2018,mys,16900
2018,ner,130468
2018,nga,1938204
2018,nic,13000
2018,npl,1406
2018,nzl,100
2018,pak,5000
2018,phl,180000
2018,pri,400
2018,prk,581268
2018,pry,46300
2018,qat,1500
2018,rou,3900
2018,rus,14975
2018,rwa,26411
2018,sdn,127476
2018,slv,7099
2018,som,700000
2018,srb,231
2018,tjk,5725
2018,tto,150000
2018,tun,30000
2018,tza,15873
2018,usa,1596
2018,ven,10700
2018,vnm,127728
2019,afg,130942
2019,ago,16520
2019,arg,35351
2019,aus,9900
2019,bdi,3773
2019,bgd,7600000
2019,bih,800
2019,bol,349540
2019,bra,46778
2019,caf,44918
2019,can,19500
2019,chl,600
2019,chn,4887261
2019,civ,14646
2019,cod,399894
2019,cog,253000
2019,col,39897
2019,dji,250000
2019,ecu,3000
2019,esp,3573
2019,eth,200000
2019,fra,1102
2019,gbr,4800
2019,geo,5088
2019,gha,26102
2019,hrv,65
2019,hti,4433
2019,idn,928887
2019,ind,3070060
2019,irn,10001202
2019,irq,5865
2019,ita,1200
2019,jpn,1172
2019,ken,233339
2019,khm,435000
2019,lao,507500
2019,lby,20030
2019,lka,532574
2019,mar,229
2019,mdg,0
2019,mdv,1800
2019,mex,3642
2019,mli,6981
2019,mmr,8075
2019,mng,500
2019,moz,121066
2019,mrt,33600
2019,mwi,991646
2019,mys,22477
2019,ner,223000
2019,nga,71140
2019,npl,82541
2019,omn,0
2019,pak,897
2019,per,9279
2019,phl,45000
2019,png,350
2019,pry,521197
2019,rou,362
2019,rus,50204
2019,rwa,5958
2019,sau,1418
2019,sdn,352498
2019,sen,8968
2019,sle,10381
2019,som,500000
2019,srb,11650
2019,ssd,934800
2019,syr,235000
2019,tcd,423
2019,tha,158000
2019,tjk,6750
2019,tur,15290
2019,tza,5000
2019,uga,78600
2019,ury,13103
2019,usa,16600
2019,ven,2000
2019,vnm,126010
2019,yem,80500
2019,zaf,4500
2019,zmb,0
2019,zwe,300
2020,afg,44076
2020,ago,20600
2020,arg,3000
2020,aus,0
2020,bdi,36762
2020,ben,7000
2020,bfa,130452
2020,bgd,5448271
2020,bih,3000
2020,bol,37611
2020,bra,17161
2020,can,12936
2020,chn,14274120
2020,civ,18657
2020,cmr,26402
2020,cod,231506
2020,cog,66000
2020,col,56617
2020,cpv,25000
2020,cze,24
2020,dji,110000
2020,ecu,290
2020,egy,20400
2020,eth,1229854
2020,fra,906
2020,gbr,480
2020,geo,5133
2020,gha,200
2020,gin,49541
2020,grc,2970
2020,gtm,20070
2020,guf,139
2020,hnd,17700
2020,idn,887964
2020,ind,1485002
2020,irn,228575
2020,irq,1500
2020,isr,0
2020,ita,960
2020,jpn,250114
2020,kaz,33000
2020,ken,810655
2020,kor,15000
2020,lka,151665
2020,mdg,106846
2020,mex,95100
2020,mmr,25000
2020,mng,27105
2020,moz,153700
2020,mrt,19982
2020,mwi,2250
2020,mys,21883
2020,nam,1000
2020,ner,682620
2020,nga,193725
2020,npl,117677
2020,nzl,2700
2020,omn,100
2020,pak,1560185
2020,pan,150
2020,per,7251
2020,png,60900
2020,pol,5200
2020,prk,85000
2020,rou,1550
2020,rwa,22455
2020,sau,600
2020,sdn,875013
2020,sen,17000
2020,som,1191020
2020,srb,16500
2020,ssd,1042000
2020,svk,250
2020,tcd,36934
2020,tgo,57000
2020,tha,870659
2020,tjk,2690
2020,tls,9131
2020,tun,40000
2020,tur,822
2020,tza,65081
2020,uga,131500
2020,ukr,55000
2020,ury,360
2020,usa,13000
2020,uzb,70060
2020,ven,3690
2020,vnm,2621
2020,yem,173374
2020,zaf,200
2020,zmb,705772
2021,afg,35033
2021,ago,9937
2021,alb,84
2021,arg,90
2021,aus,19850
2021,aut,0
2021,bdi,52182
2021,bel,101950
2021,ben,35850
2021,bgd,268744
2021,bgr,25
2021,bih,250000
2021,bol,303597
2021,bra,1608050
2021,btn,0
2021,caf,3957
2021,can,15000
2021,che,0
2021,chl,610
2021,chn,17626100
2021,cog,46652
2021,col,50457
2021,cri,200000
2021,cze,0
2021,deu,1000
2021,dza,2920
2021,ecu,18464
2021,egy,6235
2021,esp,250
2021,eth,0
2021,fra,2147
2021,geo,1780
2021,gha,326
2021,gin,71664
2021,gtm,24616
2021,guy,34500
2021,hti,13380
2021,idn,941954
2021,ind,1324561
2021,irn,1810
2021,irq,10703
2021,ita,0
2021,jpn,30300
2021,ken,300000
2021,khm,13225
2021,lka,329898
2021,lux,0
2021,mar,1385
2021,mdg,1400
2021,mex,12520
2021,mmr,125000
2021,mng,6356
2021,moz,11410
2021,mys,164641
2021,nam,401
2021,ner,105750
2021,nga,8330
2021,nld,0
2021,npl,3941
2021,nzl,1130
2021,pak,357
2021,pan,30190
2021,per,29204
2021,phl,345356
2021,pol,0
2021,prk,5000
2021,pry,6000
2021,rou,100
2021,rus,28638
2021,rwa,6500
2021,sdn,303045
2021,slv,300
2021,som,400000
2021,srb,22
2021,ssd,835000
2021,stp,219668
2021,sur,10100
2021,svk,0
2021,svn,1500
2021,swe,13500
2021,syr,142003
2021,tcd,269180
2021,tha,957694
2021,tjk,25010
2021,tun,0
2021,tur,7160
2021,tza,2000
2021,uga,117464
2021,usa,1876
2021,ven,1401300
2021,vnm,313783
2021,yem,228208
2021,zaf,400
2022,afg,266787
2022,aus,247212
2022,ben,73000
2022,bgd,7200000
2022,bgr,10937
2022,bih,3000
2022,bol,375000
2022,bra,224081
2022,caf,118003
2022,can,2000
2022,chn,9200
2022,civ,11592
2022,cmr,153095
2022,cod,260711
2022,cog,164679
2022,col,231810
2022,cub,2300
2022,dom,467
2022,ecu,35379
2022,eth,264831
2022,geo,5200
2022,gha,5000
2022,gin,49536
2022,gmb,17201
2022,gtm,2890023
2022,guy,500
2022,hnd,78457
2022,hrv,0
2022,hti,13000
2022,idn,353570
2022,ind,2101260
2022,irn,164790
2022,ita,33
2022,jpn,11108
2022,khm,167770
2022,kor,11418
2022,lao,42552
2022,lca,5500
2022,lka,149338
2022,mdg,62114
2022,mex,3150
2022,mli,79012
2022,mng,4269
2022,moz,78271
2022,mrt,28926
2022,mwi,94185
2022,mys,90625
2022,ner,322185
2022,nga,2802500
2022,npl,6011
2022,pak,33012865
2022,pan,150
2022,per,500
2022,phl,601971
2022,pri,0
2022,rus,750
2022,rwa,1300
2022,sdn,349122
2022,sen,20010
2022,sle,12982
2022,som,4416
2022,ssd,1000000
2022,sur,9000
2022,tcd,1100229
2022,tgo,18596
2022,tha,1380693
2022,tto,100000
2022,tun,4000
2022,tur,3115
2022,tza,3500
2022,uga,79968
2022,ury,160
2022,usa,1075
2022,uzb,165
2022,ven,91700
2022,vnm,23275
2022,yem,219400
2022,zaf,199296
2022,zmb,21582
2022,zwe,0
2023,afg,127549
2023,ago,160725
2023,arg,38000
2023,aus,1737
2023,bdi,9585
2023,bel,3000
2023,bgd,1000006
2023,bgr,4000
2023,bih,10000
2023,blr,420
2023,bol,208970
2023,bra,288246
2023,can,1450
2023,chl,53673
2023,chn,1373000
2023,cmr,93260
2023,cod,53845
2023,cog,1800000
2023,col,45588
2023,cub,18500
2023,cze,0
2023,dom,311319
2023,dza,1668
2023,ecu,80950
2023,esp,6000
2023,eth,1740000
2023,fra,9550
2023,geo,350000
2023,gha,41114
2023,gin,25072
2023,grc,5260
2023,gtm,4400005
2023,hkg,119
2023,hrv,177
2023,hti,225143
2023,idn,149467
2023,ind,10750005
2023,ita,46500
2023,jpn,4218
2023,ken,857161
2023,kor,10534
2023,lao,110129
2023,lka,244504
2023,lva,200
2023,mex,0
2023,mmr,75335
2023,mng,289968
2023,moz,89093
2023,mrt,7200
2023,mys,84187
2023,nam,2190
2023,ner,169651
2023,nga,31336
2023,npl,1506
2023,nzl,5400
2023,pak,119804
2023,per,534494
2023,phl,3548610
2023,pry,46675
2023,rwa,51982
2023,som,3326003
2023,srb,15642
2023,svn,1500120
2023,syr,2851
2023,tha,249123
2023,tjk,0
2023,tur,31
2023,tza,2898500
2023,uga,1016
2023,ukr,2850
2023,ury,3472
2023,usa,2126
2023,ven,112
2023,vnm,225150
2023,yem,308183
2023,zaf,8300
2023,zmb,176608
2024,afg,312504
2024,are,346
2024,arg,402400
2024,arm,429
2024,aus,6206
2024,bdi,237175
2024,ben,34052
2024,bfa,7684
2024,bgd,11188931
2024,bih,5000
2024,bol,7022
2024,bra,2588933
2024,caf,2700
2024,chl,6393
2024,chn,120645
2024,civ,227
2024,cmr,500008
2024,cod,2479430
2024,cri,1098668
2024,cyp,469
2024,deu,3407
2024,dom,15000
2024,dza,12000
2024,ecu,117498
2024,esp,36615
2024,eth,181548
2024,fra,3235
2024,gab,13400
2024,gin,176000
2024,grc,0
2024,gtm,606115
2024,hti,173830
2024,idn,110958
2024,ind,12807193
2024,irn,304837
2024,irq,18017
2024,jpn,13
2024,kaz,120000
2024,ken,325680
2024,kgz,107401
2024,kor,3500
2024,lao,185843
2024,lbr,51000
2024,lby,3335
2024,lka,410902
2024,mar,168
2024,mli,380154
2024,mmr,106792
2024,mwi,62832
2024,ner,1527058
2024,nga,1791469
2024,npl,2592912
2024,omn,1391
2024,pak,555000
2024,per,549
2024,phl,1228014
2024,prk,4200
2024,rus,38400
2024,rwa,27
2024,sdn,317107
2024,sen,55600
2024,sle,23596
2024,som,226000
2024,ssd,1400000
2024,syr,9700
2024,tcd,1945674
2024,tgo,12700
2024,tha,775350
2024,tjk,40
2024,tur,900
2024,tza,200376
2024,uga,57804
2024,ury,103588
2024,usa,6564
2024,vnm,9628
2024,yem,867160
2024,zaf,50466
2025,afg,44
2025,arg,236700
2025,bgd,15350
2025,bih,3000
2025,bol,2965115
2025,bra,780
2025,bwa,8259
2025,chn,300000
2025,cod,182161
2025,dza,100
2025,hkg,0
2025,hrv,0
2025,idn,127669
2025,ind,1521321
2025,irq,30000
2025,ita,250
2025,kor,14575
2025,lao,58345
2025,mdg,3688
2025,mex,444
2025,mmr,35580
2025,mwi,181270
2025,mys,17306
2025,nam,0
2025,nga,13701
2025,pak,6271
2025,per,65116
2025,phl,123192
2025,rou,2500
2025,som,129010
2025,tha,1844
2025,twn,5977
2025,tza,3150
2025,usa,1457
2025,vnm,690
2025,zaf,1000
