time,geo,flood_deaths_annual_number
1900,jam,300
1903,usa,250
1907,esp,53
1907,grc,100
1909,usa,72
1910,jpn,1379
1911,chn,100000
1915,chn,0
1917,chn,0
1920,dfr,0
1924,grc,15
1925,dfr,0
1925,grc,13
1926,bel,0
1926,dfr,0
1926,ind,0
1926,rou,1000
1927,dza,3000
1927,usa,246
1928,bel,0
1928,ind,36
1930,fra,230
1931,chn,3700000
1933,chn,18000
1933,jam,53
1935,chn,142000
1936,usa,200
1937,grc,14
1937,jam,111
1937,usa,137
1938,jpn,933
1938,nzl,21
1939,chn,500000
1939,ita,10
1940,esp,90
1940,fra,57
1940,jam,125
1943,jpn,990
1943,usa,0
1946,alb,15
1947,jpn,2000
1948,bra,200
1948,chn,330
1948,tur,332
1948,usa,55
1949,chn,57000
1949,gtm,40000
1950,can,1
1950,chn,500
1950,ecu,50
1950,ind,145
1950,irn,52
1950,jpn,127
1950,pak,2900
1950,usa,33
1951,chn,4800
1951,irn,225
1951,ita,170
1951,jpn,306
1951,mar,131
1951,usa,41
1952,dza,25
1952,gbr,34
1952,mex,140
1953,bel,11
1953,ecu,71
1953,esp,27
1953,idn,114
1953,ind,80
1953,irn,732
1953,ita,100
1953,jpn,3967
1953,nld,2000
1954,chn,32000
1954,egy,0
1954,irn,2000
1954,irq,0
1954,mar,30
1954,npl,60
1954,pak,346
1955,aus,70
1955,lbn,440
1955,usa,74
1956,afg,51
1956,bel,4
1956,chn,2000
1956,ind,150
1956,irn,1000
1956,pak,270
1956,tur,138
1957,bra,112
1957,chn,560
1957,esp,86
1957,ind,187
1957,irn,122
1957,jpn,992
1957,kor,247
1957,pak,75
1957,tur,99
1958,arg,360
1958,fra,35
1958,ind,5
1959,bra,100
1959,chn,2000187
1959,col,184
1959,hti,50
1959,ind,621
1959,jpn,41
1959,kor,62
1959,mex,2000
1959,pak,100
1959,zaf,51
1960,bgd,10000
1960,hkg,15
1960,ind,237
1960,nic,325
1961,hkg,0
1961,ind,3057
1961,jpn,357
1961,kor,249
1961,som,200
1962,col,135
1962,esp,815
1962,hti,26
1962,ind,173
1962,jpn,71
1962,kor,290
1962,tun,40
1963,afg,107
1963,bgd,30
1963,dza,0
1963,hti,500
1963,ind,200
1963,jor,25
1963,mar,169
1964,bgd,0
1964,bra,100
1964,fji,1
1964,ind,232
1964,jpn,136
1964,ken,0
1964,mar,76
1964,pak,0
1964,sau,20
1964,tun,49
1964,tur,0
1964,tza,0
1964,usa,109
1964,vnm,400
1964,yug,17
1965,bol,40
1965,bra,22
1965,chl,600
1965,ecu,0
1965,hnd,0
1965,ita,13
1965,jor,8
1965,jpn,142
1965,kor,323
1965,mar,75
1965,mex,27
1965,mmr,34
1965,mys,6
1965,per,60
1965,pry,6
1965,yug,3
1966,arg,62
1966,bgd,39
1966,bol,14
1966,bra,560
1966,dza,57
1966,hkg,65
1966,idn,176
1966,ind,47
1966,irn,42
1966,ita,70
1966,jor,259
1966,kor,95
1966,lao,300
1966,lka,23
1966,mng,57
1966,pan,20
1966,pry,0
1966,sen,0
1966,tha,6
1966,vnm,31
1967,arg,56
1967,bra,820
1967,dza,20
1967,ecu,0
1967,idn,160
1967,ind,300
1967,irq,0
1967,jpn,489
1967,lka,24
1967,mex,0
1967,moz,0
1967,mwi,0
1967,mys,50
1967,pak,32
1967,per,25
1967,prt,462
1967,syr,0
1967,ury,8
1967,ven,0
1968,bgd,221
1968,bol,24
1968,eth,1
1968,gha,0
1968,idn,12
1968,ind,6452
1968,irn,30
1968,irq,0
1968,ita,72
1968,ken,0
1968,lao,2
1968,nic,0
1968,npl,276
1968,phl,29
1968,tur,147
1968,tza,40
1968,zaf,0
1969,bra,316
1969,chn,0
1969,col,0
1969,cri,7
1969,dza,76
1969,hkg,0
1969,irn,20
1969,kor,408
1969,lao,0
1969,lka,62
1969,mwi,0
1969,sur,0
1969,tun,540
1969,usa,115
1970,arg,36
1970,ben,0
1970,bgd,0
1970,bra,172
1970,brb,3
1970,col,407
1970,cri,24
1970,ecu,20
1970,hkg,0
1970,hun,300
1970,idn,82
1970,ind,1027
1970,ita,37
1970,kor,28
1970,mar,11
1970,mex,35
1970,mmr,90
1970,mys,61
1970,npl,350
1970,pan,48
1970,per,3
1970,pri,60
1970,rou,215
1970,vnm,237
1971,aus,27
1971,bel,0
1971,bra,239
1971,col,51
1971,ecu,0
1971,guy,0
1971,ind,1323
1971,lao,14
1971,moz,500
1971,per,250
1971,pry,0
1972,afg,150
1972,bgd,50
1972,bwa,0
1972,esp,0
1972,hkg,138
1972,hti,78
1972,jpn,458
1972,kor,747
1972,mex,37
1972,pan,0
1972,phl,653
1972,usa,237
1972,ymd,0
1973,aus,12
1973,bgd,427
1973,bra,20
1973,caf,0
1973,col,9
1973,dza,21
1973,ecu,0
1973,esp,300
1973,gtm,5
1973,mex,130
1973,pak,474
1973,pan,7
1973,phl,3
1973,tun,111
1973,usa,56
1973,ymn,60
1974,aus,14
1974,bgd,28700
1974,bol,31
1974,bra,205
1974,can,0
1974,chl,32
1974,dza,11
1974,ind,260
1974,mmr,0
1974,ner,0
1974,phl,94
1974,rwa,0
1974,syr,0
1974,tur,33
1974,tza,25
1974,zaf,26
1975,bra,118
1975,chn,20000
1975,egy,15
1975,grd,0
1975,hkg,3
1975,ind,350
1975,ken,0
1975,mar,10
1975,moz,1
1975,phl,0
1975,rou,60
1975,sdn,0
1975,tha,239
1975,ymn,52
1976,afg,51
1976,aus,0
1976,bgd,168
1976,col,47
1976,eth,0
1976,hkg,0
1976,hnd,20
1976,idn,163
1976,jpn,0
1976,mmr,0
1976,nic,16
1976,nzl,0
1976,pak,338
1976,phl,18
1976,usa,144
1977,arg,0
1977,bfa,0
1977,bgd,13
1977,bol,10
1977,bra,62
1977,che,3
1977,cub,7
1977,dji,0
1977,eth,7
1977,fra,26
1977,gbr,6
1977,grc,27
1977,hkg,0
1977,idn,22
1977,ind,560
1977,ita,23
1977,jpn,5
1977,ken,100
1977,kor,315
1977,mar,0
1977,mmr,3
1977,moz,300
1977,nzl,0
1977,pak,848
1977,per,21
1977,phl,24
1977,pol,0
1977,som,0
1977,swe,0
1977,twn,45
1977,usa,140
1977,vct,0
1977,zaf,4
1978,afg,120
1978,arg,0
1978,aus,7
1978,bgd,17
1978,bol,40
1978,bra,26
1978,chl,4
1978,dfr,3
1978,dji,0
1978,esp,24
1978,eth,9
1978,fra,3
1978,hkg,0
1978,idn,70
1978,ind,4610
1978,jpn,8
1978,kor,27
1978,lao,31
1978,lka,10
1978,mex,6
1978,moz,40
1978,mys,0
1978,npl,130
1978,nzl,0
1978,pak,393
1978,pan,19
1978,per,2
1978,phl,53
1978,sdn,34
1978,sen,0
1978,tha,96
1978,tza,0
1978,usa,27
1978,vnm,74
1978,zaf,26
1978,zmb,11
1979,arg,0
1979,blz,0
1979,bra,300
1979,can,0
1979,col,62
1979,dom,32
1979,dza,0
1979,egy,50
1979,fra,10
1979,grc,15
1979,hnd,1
1979,idn,164
1979,ind,253
1979,jam,44
1979,jpn,23
1979,mar,16
1979,mex,0
1979,mmr,0
1979,mwi,0
1979,nic,0
1979,pak,13
1979,phl,0
1979,prt,23
1979,pry,0
1979,tun,0
1979,tza,0
1979,yug,22
1980,afg,0
1980,arg,41
1980,aut,0
1980,bgd,655
1980,bol,0
1980,bra,67
1980,chn,6303
1980,col,40
1980,cri,1
1980,fra,6
1980,idn,153
1980,ind,2411
1980,irn,256
1980,jpn,20
1980,mex,104
1980,nic,0
1980,nzl,0
1980,pak,75
1980,per,70
1980,phl,2
1980,pol,1
1980,tha,57
1980,tur,75
1980,usa,36
1980,vnm,94
1981,alb,9
1981,aus,2
1981,bra,97
1981,chn,2315
1981,col,150
1981,csk,4
1981,dji,25
1981,dom,20
1981,dza,43
1981,eth,0
1981,fra,0
1981,gin,0
1981,hnd,0
1981,idn,509
1981,ind,553
1981,irn,58
1981,lao,0
1981,lka,7
1981,moz,0
1981,npl,750
1981,nzl,0
1981,pak,82
1981,per,70
1981,phl,322
1981,prt,30
1981,som,5
1981,sun,0
1981,tur,10
1981,usa,30
1981,ymd,0
1981,yug,43
1981,zaf,104
1982,arg,0
1982,ben,0
1982,bgd,0
1982,bol,0
1982,chl,0
1982,chn,447
1982,col,90
1982,dza,37
1982,ecu,307
1982,esp,57
1982,gtm,620
1982,hkg,1
1982,idn,3
1982,ind,932
1982,jpn,345
1982,ken,75
1982,lka,54
1982,mex,25
1982,mng,0
1982,mwi,0
1982,npl,92
1982,pak,68
1982,per,332
1982,phl,33
1982,pol,0
1982,pry,0
1982,slv,500
1982,sun,0
1982,tun,117
1982,tza,0
1982,usa,11
1982,ymd,482
1983,arg,0
1983,aut,0
1983,bgd,245
1983,bol,250
1983,bra,143
1983,can,0
1983,che,0
1983,chn,100
1983,cub,15
1983,dfr,0
1983,ecu,0
1983,esp,45
1983,fra,18
1983,hkg,1
1983,idn,20
1983,ind,785
1983,lka,3
1983,lux,0
1983,mys,10
1983,npl,186
1983,nzl,0
1983,pak,39
1983,phl,11
1983,png,56
1983,prt,19
1983,pry,76
1983,sdn,0
1983,sen,0
1983,sun,0
1983,tha,50
1983,usa,10
1984,aus,36
1984,bfa,0
1984,bgd,1200
1984,bol,0
1984,bra,263
1984,brb,0
1984,chn,31
1984,col,50
1984,dza,54
1984,hnd,0
1984,idn,26
1984,ind,740
1984,kor,166
1984,lao,14
1984,lka,51
1984,mex,0
1984,mrt,0
1984,npl,200
1984,nzl,0
1984,pak,39
1984,pan,1
1984,rou,0
1984,sun,0
1984,tha,17
1984,tur,0
1984,twn,31
1984,usa,28
1984,vnm,33
1985,arg,37
1985,aut,12
1985,ben,61
1985,bfa,0
1985,bgd,34
1985,bol,0
1985,bra,101
1985,chn,1216
1985,cub,0
1985,dom,12
1985,dza,26
1985,eth,9
1985,hkg,0
1985,idn,42
1985,ind,1656
1985,ita,329
1985,lso,0
1985,moz,8
1985,mrt,0
1985,nga,0
1985,npl,46
1985,nzl,4
1985,phl,79
1985,pri,500
1985,sau,32
1985,sen,0
1985,sun,0
1985,swe,11
1985,tcd,0
1985,tha,18
1985,usa,12
1985,ven,38
1985,vnm,93
1986,arg,3
1986,aus,8
1986,bgd,30
1986,bol,29
1986,bra,28
1986,can,0
1986,chl,23
1986,chn,313
1986,col,13
1986,cub,0
1986,fji,19
1986,hnd,0
1986,hti,148
1986,idn,175
1986,ind,251
1986,irn,265
1986,ita,2
1986,jam,54
1986,jpn,14
1986,lka,43
1986,mdg,0
1986,mex,20
1986,mys,11
1986,npl,22
1986,nzl,1
1986,pan,2
1986,per,62
1986,phl,3
1986,tha,42
1986,tun,23
1986,tza,0
1986,ury,0
1986,usa,13
1986,vct,0
1986,vnm,165
1986,yug,1
1987,arg,0
1987,bgd,2280
1987,bol,25
1987,bra,107
1987,can,1
1987,che,2
1987,chl,127
1987,chn,219
1987,col,21
1987,csk,0
1987,ecu,0
1987,esp,9
1987,fra,25
1987,gtm,84
1987,hkg,0
1987,hti,33
1987,idn,201
1987,ind,1314
1987,irl,0
1987,irn,865
1987,ita,0
1987,jam,9
1987,jor,9
1987,kna,0
1987,kor,50
1987,lbn,0
1987,lso,18
1987,mdv,0
1987,mex,16
1987,mys,3
1987,npl,188
1987,nzl,0
1987,per,173
1987,pol,0
1987,prk,315
1987,som,0
1987,sun,110
1987,tha,24
1987,vct,0
1987,ven,40
1987,zaf,506
1988,afg,0
1988,arg,25
1988,aus,16
1988,ben,0
1988,bfa,16
1988,bgd,2440
1988,bhs,0
1988,bra,655
1988,bwa,8
1988,can,2
1988,chn,1243
1988,cmr,2
1988,col,120
1988,cri,7
1988,cub,23
1988,dfr,6
1988,dom,0
1988,eth,45
1988,fra,10
1988,gab,0
1988,glp,0
1988,gtm,0
1988,hnd,19
1988,hti,27
1988,idn,179
1988,ind,2100
1988,irn,90
1988,isl,0
1988,jam,0
1988,jpn,27
1988,mli,17
1988,mys,27
1988,ner,20
1988,nga,130
1988,npl,27
1988,nzl,1
1988,pak,196
1988,per,38
1988,pry,0
1988,rwa,48
1988,sdn,96
1988,sen,0
1988,slv,33
1988,sun,0
1988,tcd,43
1988,tha,664
1988,tur,13
1988,tza,0
1988,usa,0
1988,ven,66
1988,zaf,25
1989,ago,0
1989,aus,9
1989,bdi,12
1989,bgd,180
1989,bra,137
1989,chl,21
1989,chn,2000
1989,civ,0
1989,col,16
1989,dji,10
1989,ecu,35
1989,esp,12
1989,fji,10
1989,gha,7
1989,gtm,10
1989,guy,0
1989,hkg,3
1989,hti,0
1989,idn,18
1989,ind,1609
1989,irn,0
1989,jpn,10
1989,lka,325
1989,mex,40
1989,mli,1
1989,moz,2
1989,mwi,13
1989,nzl,0
1989,pak,20
1989,per,38
1989,phl,44
1989,slv,10
1989,som,34
1989,sun,17
1989,tza,10
1989,ymd,25
1989,ymn,38
1989,zmb,0
1990,arg,21
1990,aus,12
1990,bgd,231
1990,blz,0
1990,bra,24
1990,can,8
1990,chl,0
1990,chn,495
1990,cod,23
1990,col,10
1990,cub,4
1990,eth,0
1990,hnd,5
1990,idn,191
1990,ind,224
1990,irn,0
1990,jpn,27
1990,ken,44
1990,kor,127
1990,lka,33
1990,lso,22
1990,mex,45
1990,nic,4
1990,npl,30
1990,per,61
1990,phl,176
1990,pry,0
1990,sun,19
1990,tun,37
1990,tur,69
1990,tza,189
1990,usa,38
1990,vnm,82
1990,yug,0
1991,afg,1193
1991,aut,5
1991,ben,3
1991,bgd,265
1991,bra,20
1991,chn,1861
1991,cmr,2
1991,cri,1
1991,dfr,5
1991,dom,10
1991,egy,1
1991,gha,5
1991,idn,112
1991,ind,1016
1991,irn,56
1991,jam,15
1991,jor,8
1991,khm,100
1991,kor,54
1991,lao,0
1991,lka,27
1991,mex,23
1991,mmr,23
1991,mwi,472
1991,npl,51
1991,nzl,0
1991,pak,24
1991,pan,12
1991,phl,70
1991,rou,108
1991,sun,2
1991,tcd,39
1991,tha,17
1991,tur,42
1991,ury,0
1991,usa,15
1991,vnm,195
1991,yem,0
1992,afg,600
1992,alb,11
1992,arg,45
1992,bgd,17
1992,bol,4
1992,bra,107
1992,chn,540
1992,cub,0
1992,deu,0
1992,dza,21
1992,ecu,22
1992,fra,6
1992,hkg,5
1992,idn,57
1992,ind,746
1992,irn,63
1992,ita,5
1992,kor,5
1992,lao,10
1992,lka,15
1992,mmr,5
1992,nld,0
1992,pak,1446
1992,per,0
1992,phl,79
1992,png,0
1992,pri,18
1992,pry,0
1992,rus,0
1992,scg,1
1992,slv,2
1992,tjk,1346
1992,ury,0
1992,vct,3
1992,vnm,56
1993,arg,0
1993,aus,1
1993,bel,1
1993,bgd,194
1993,blr,0
1993,can,0
1993,chl,109
1993,chn,1231
1993,col,63
1993,cri,9
1993,cub,46
1993,deu,5
1993,dji,0
1993,dom,30
1993,dza,22
1993,eth,2
1993,fra,4
1993,gbr,4
1993,gin,0
1993,hnd,413
1993,hti,13
1993,idn,131
1993,ind,1264
1993,irl,3
1993,irn,781
1993,jam,9
1993,jpn,0
1993,kaz,10
1993,lka,8
1993,lux,0
1993,mex,65
1993,mys,30
1993,nld,1
1993,npl,1048
1993,pak,15
1993,per,80
1993,phl,53
1993,png,0
1993,rus,138
1993,sdn,21
1993,sen,0
1993,tha,41
1993,tkm,0
1993,tto,5
1993,tza,54
1993,ukr,9
1993,usa,98
1993,vnm,64
1993,yem,31
1993,zaf,12
1994,bel,0
1994,ben,0
1994,bfa,22
1994,bgd,116
1994,btn,22
1994,chn,1564
1994,cmr,6
1994,cod,39
1994,cog,0
1994,col,37
1994,cri,2
1994,cub,12
1994,deu,2
1994,dji,145
1994,dza,40
1994,egy,600
1994,esp,10
1994,eth,4
1994,fra,13
1994,gbr,7
1994,grc,14
1994,gtm,10
1994,hkg,1
1994,hnd,151
1994,idn,59
1994,ind,2015
1994,irn,39
1994,ita,68
1994,khm,506
1994,lao,0
1994,lka,0
1994,mda,47
1994,mng,5
1994,ner,60
1994,nga,30
1994,nzl,0
1994,pak,316
1994,per,85
1994,phl,62
1994,rou,2
1994,rus,46
1994,sdn,8
1994,sen,0
1994,som,100
1994,tgo,0
1994,tha,102
1994,tjk,0
1994,tza,31
1994,usa,37
1994,ven,26
1994,vnm,310
1994,zaf,0
1995,afg,27
1995,alb,4
1995,arg,0
1995,aze,5
1995,ben,20
1995,bgd,741
1995,blz,0
1995,bra,110
1995,bwa,20
1995,caf,0
1995,can,0
1995,chl,28
1995,chn,1618
1995,col,69
1995,cub,0
1995,egy,7
1995,eth,27
1995,geo,1
1995,gha,145
1995,gtm,31
1995,hnd,14
1995,idn,140
1995,ind,1514
1995,irn,27
1995,jpn,0
1995,lao,0
1995,lby,0
1995,lka,3
1995,mar,791
1995,mkd,0
1995,mmr,51
1995,mrt,0
1995,mwi,1
1995,nor,1
1995,npl,140
1995,pak,1063
1995,pan,1
1995,phl,476
1995,prk,68
1995,pry,0
1995,rou,2
1995,slv,8
1995,som,20
1995,tcd,2
1995,tgo,3
1995,tha,231
1995,tur,63
1995,tza,3
1995,ukr,0
1995,usa,11
1995,vnm,253
1995,zaf,207
1996,afg,70
1996,aus,5
1996,aut,0
1996,ben,11
1996,bgd,55
1996,blr,0
1996,bra,15
1996,caf,7
1996,can,10
1996,chn,4091
1996,civ,28
1996,col,12
1996,cri,6
1996,cub,3
1996,cze,1
1996,dom,3
1996,dza,4
1996,egy,12
1996,esp,13
1996,eth,40
1996,fra,4
1996,gmb,0
1996,guf,0
1996,guy,0
1996,hnd,7
1996,hti,18
1996,hun,0
1996,idn,87
1996,ind,1291
1996,irn,49
1996,ita,19
1996,ken,0
1996,khm,59
1996,kor,85
1996,lao,30
1996,lka,0
1996,mar,25
1996,mex,0
1996,mng,41
1996,mys,0
1996,npl,788
1996,pak,111
1996,phl,0
1996,prk,116
1996,prt,11
1996,rus,4
1996,sdn,152
1996,sle,12
1996,som,3
1996,tha,91
1996,tjk,0
1996,tto,0
1996,ukr,0
1996,usa,72
1996,ven,0
1996,vnm,222
1996,yem,345
1996,zaf,34
1997,afg,70
1997,alb,0
1997,arg,0
1997,arm,4
1997,aus,0
1997,aut,3
1997,aze,11
1997,ben,0
1997,bgd,79
1997,bgr,1
1997,bol,56
1997,bra,90
1997,can,4
1997,che,0
1997,chl,22
1997,chn,1090
1997,cod,0
1997,col,2
1997,cub,0
1997,cze,49
1997,deu,1
1997,dza,4
1997,ecu,245
1997,egy,4
1997,esp,5
1997,eth,326
1997,gbr,1
1997,geo,7
1997,grc,9
1997,hkg,80
1997,hun,0
1997,ind,2357
1997,irn,13
1997,isr,15
1997,jor,2
1997,ken,86
1997,kor,15
1997,kwt,2
1997,lka,10
1997,mar,60
1997,mda,9
1997,mmr,68
1997,moz,35
1997,mwi,0
1997,nzl,0
1997,pak,171
1997,phl,18
1997,pol,55
1997,prk,0
1997,pry,0
1997,rou,20
1997,rus,2
1997,sdn,8
1997,som,2311
1997,svk,1
1997,syc,5
1997,tha,14
1997,twn,10
1997,tza,83
1997,uga,100
1997,ukr,0
1997,usa,72
1997,ven,3
1997,zaf,0
1998,afg,30
1998,arg,19
1998,arm,0
1998,aus,20
1998,bel,1
1998,ben,0
1998,bgd,1050
1998,bra,13
1998,caf,0
1998,can,3
1998,chn,4250
1998,cog,0
1998,cze,6
1998,gbr,4
1998,grc,3
1998,idn,4
1998,ind,2131
1998,irn,157
1998,isr,0
1998,jpn,16
1998,ken,40
1998,kgz,1
1998,kor,403
1998,lbr,10
1998,lka,3
1998,mdg,0
1998,mex,432
1998,mli,3
1998,mwi,4
1998,mys,0
1998,ner,0
1998,nga,15
1998,nld,0
1998,npl,310
1998,nzl,0
1998,pak,1000
1998,pol,9
1998,prk,50
1998,pry,55
1998,rou,31
1998,rus,14
1998,sdn,103
1998,sen,0
1998,svk,54
1998,tcd,0
1998,tgo,0
1998,tjk,51
1998,tur,92
1998,twn,3
1998,tza,61
1998,uga,0
1998,ukr,18
1998,ury,1
1998,usa,31
1998,vnm,45
1998,yem,70
1998,zmb,0
1998,zwe,36
1999,afg,0
1999,aut,3
1999,ben,3
1999,bfa,6
1999,bgd,196
1999,blr,2
1999,bol,0
1999,bra,7
1999,caf,0
1999,che,3
1999,chn,1185
1999,cmr,24
1999,cod,2
1999,cog,2
1999,col,41
1999,cri,9
1999,deu,7
1999,dza,12
1999,eth,48
1999,fra,36
1999,gbr,0
1999,gha,52
1999,gmb,53
1999,gtm,12
1999,hnd,34
1999,hti,13
1999,hun,10
1999,idn,12
1999,ind,554
1999,irn,81
1999,jpn,60
1999,khm,7
1999,kor,64
1999,lka,6
1999,mda,0
1999,mex,654
1999,mli,2
1999,mmr,22
1999,moz,23
1999,mrt,0
1999,mwi,0
1999,mys,1
1999,ner,14
1999,nga,89
1999,nic,11
1999,npl,170
1999,nzl,0
1999,pak,34
1999,pan,1
1999,per,74
1999,phl,164
1999,png,2
1999,prk,42
1999,rou,34
1999,rus,0
1999,scg,11
1999,sdn,38
1999,slv,7
1999,svk,2
1999,tcd,0
1999,tgo,0
1999,tha,22
1999,tjk,27
1999,usa,0
1999,ven,30005
1999,vnm,789
1999,yem,0
1999,zaf,27
2000,ago,46
2000,arg,13
2000,aus,0
2000,bdi,0
2000,bgd,43
2000,bol,30
2000,bra,48
2000,btn,200
2000,bwa,3
2000,chl,16
2000,chn,396
2000,cmr,3
2000,col,113
2000,cub,2
2000,cze,3
2000,dza,28
2000,ecu,34
2000,esp,26
2000,eth,69
2000,fra,5
2000,gbr,3
2000,grc,1
2000,gtm,36
2000,hti,12
2000,hun,1
2000,idn,264
2000,ind,2086
2000,irn,8
2000,ita,44
2000,jpn,18
2000,kaz,0
2000,khm,347
2000,kor,20
2000,lao,15
2000,lka,5
2000,mar,6
2000,mex,139
2000,mli,15
2000,moz,800
2000,mwi,0
2000,mys,12
2000,nam,0
2000,ner,2
2000,nga,4
2000,nic,0
2000,nor,0
2000,npl,144
2000,nzl,0
2000,pan,1
2000,per,22
2000,phl,55
2000,rou,9
2000,rus,3
2000,scg,0
2000,slv,2
2000,som,0
2000,swz,0
2000,tha,107
2000,tur,2
2000,tza,36
2000,ury,0
2000,usa,8
2000,ven,15
2000,vnm,496
2000,zaf,86
2000,zmb,0
2000,zwe,70
2001,ago,48
2001,arg,1
2001,aus,4
2001,bgd,9
2001,bih,0
2001,bol,41
2001,bra,85
2001,chl,0
2001,chn,402
2001,cmr,30
2001,cod,50
2001,col,0
2001,cri,0
2001,dza,921
2001,ecu,58
2001,eth,5
2001,fra,3
2001,gbr,0
2001,gha,12
2001,gin,9
2001,gmb,1
2001,grc,11
2001,hrv,0
2001,hti,26
2001,hun,0
2001,idn,402
2001,ind,581
2001,irn,476
2001,ita,2
2001,jpn,1
2001,kaz,0
2001,khm,56
2001,kor,70
2001,lao,0
2001,lka,0
2001,mar,15
2001,mex,21
2001,mli,2
2001,mmr,51
2001,moz,79
2001,mrt,0
2001,mwi,59
2001,mys,11
2001,ner,4
2001,nga,200
2001,nor,0
2001,pak,210
2001,pan,0
2001,per,15
2001,phl,43
2001,pol,27
2001,pri,2
2001,prk,124
2001,prt,6
2001,rou,7
2001,rus,37
2001,rwa,12
2001,scg,0
2001,sdn,3
2001,slv,0
2001,som,0
2001,spi,7
2001,svk,1
2001,tcd,100
2001,tha,189
2001,tjk,0
2001,tls,1
2001,tur,12
2001,tza,5
2001,uga,1
2001,ukr,9
2001,ury,0
2001,usa,12
2001,vnm,339
2001,wsm,0
2001,yem,33
2001,zaf,5
2001,zmb,5
2001,zwe,13
2002,afg,81
2002,alb,1
2002,arg,4
2002,aut,9
2002,bdi,0
2002,bel,0
2002,bgd,10
2002,bgr,1
2002,bol,76
2002,bra,17
2002,can,0
2002,chl,19
2002,chn,1246
2002,cod,40
2002,cog,0
2002,col,65
2002,cri,10
2002,cub,0
2002,cze,18
2002,deu,27
2002,dom,3
2002,dza,42
2002,ecu,31
2002,egy,18
2002,eth,22
2002,fra,25
2002,gbr,1
2002,gha,4
2002,grc,0
2002,gtm,0
2002,hnd,10
2002,hti,31
2002,hun,0
2002,idn,230
2002,ind,735
2002,irl,0
2002,irn,61
2002,ita,2
2002,jam,9
2002,ken,85
2002,khm,29
2002,kor,21
2002,lao,2
2002,lka,2
2002,mar,80
2002,mda,1
2002,mex,37
2002,mkd,0
2002,mli,2
2002,mmr,21
2002,moz,0
2002,mrt,25
2002,mwi,9
2002,nga,0
2002,nic,0
2002,nzl,0
2002,pak,37
2002,pan,5
2002,per,23
2002,phl,90
2002,prk,0
2002,prt,1
2002,pry,0
2002,rou,13
2002,rus,200
2002,rwa,69
2002,sau,19
2002,scg,2
2002,sdn,0
2002,sen,28
2002,slv,1
2002,spi,22
2002,svk,0
2002,tha,154
2002,tjk,32
2002,tur,34
2002,tza,9
2002,uga,17
2002,ury,0
2002,usa,26
2002,ven,4
2002,vnm,147
2002,vut,0
2002,yem,53
2002,zaf,16
2003,afg,136
2003,ago,15
2003,arg,27
2003,asm,6
2003,aus,1
2003,aze,0
2003,bel,0
2003,bfa,0
2003,bgd,252
2003,bol,74
2003,bra,255
2003,caf,0
2003,can,4
2003,chn,662
2003,cod,1
2003,col,80
2003,cri,1
2003,cub,0
2003,dom,10
2003,dza,41
2003,ecu,0
2003,eri,0
2003,eth,119
2003,fra,10
2003,gnb,0
2003,grc,3
2003,hnd,10
2003,hti,62
2003,idn,414
2003,ind,452
2003,irn,0
2003,ita,3
2003,jpn,23
2003,ken,40
2003,lbn,0
2003,lka,235
2003,mar,35
2003,mdg,16
2003,mex,6
2003,mkd,2
2003,mli,0
2003,mng,15
2003,moz,38
2003,mrt,9
2003,mwi,12
2003,mys,8
2003,nam,2
2003,ner,7
2003,nga,16
2003,npl,239
2003,pak,266
2003,pan,0
2003,per,22
2003,phl,0
2003,pri,2
2003,prt,0
2003,rou,5
2003,rus,0
2003,rwa,0
2003,sau,12
2003,sdn,20
2003,sen,8
2003,som,1
2003,tha,9
2003,tjk,6
2003,tls,3
2003,tun,8
2003,tza,0
2003,uga,25
2003,ukr,0
2003,ury,0
2003,usa,24
2003,ven,1
2003,vnm,128
2003,yem,15
2003,zaf,1
2003,zmb,4
2003,zwe,2
2004,afg,16
2004,ago,28
2004,alb,0
2004,arg,5
2004,arm,1
2004,aus,3
2004,bdi,0
2004,bgd,761
2004,bih,0
2004,bra,35
2004,btn,0
2004,bwa,0
2004,caf,3
2004,can,0
2004,chl,3
2004,chn,450
2004,col,115
2004,cri,2
2004,dji,51
2004,dom,688
2004,dza,22
2004,eri,0
2004,esp,0
2004,fji,0
2004,gbr,0
2004,geo,1
2004,gnb,3
2004,hti,2665
2004,hun,0
2004,idn,5
2004,ind,1348
2004,irn,34
2004,jpn,22
2004,ken,54
2004,khm,0
2004,kor,10
2004,lka,6
2004,mex,38
2004,mkd,0
2004,mys,16
2004,nam,0
2004,nga,94
2004,npl,185
2004,nzl,4
2004,pak,5
2004,pan,16
2004,per,0
2004,phl,49
2004,png,0
2004,pol,1
2004,pri,0
2004,prk,24
2004,rou,10
2004,rus,18
2004,sau,5
2004,sle,10
2004,som,0
2004,svk,1
2004,tha,13
2004,tjk,0
2004,tur,17
2004,uga,0
2004,usa,1
2004,ven,35
2004,vnm,96
2004,zaf,0
2004,zmb,2
2005,afg,283
2005,ago,0
2005,alb,3
2005,aus,3
2005,aut,4
2005,bdi,0
2005,bel,0
2005,bgd,55
2005,bgr,39
2005,bih,0
2005,bra,47
2005,caf,1
2005,can,4
2005,che,8
2005,chl,5
2005,chn,578
2005,cmr,2
2005,cog,1
2005,col,180
2005,cri,5
2005,cze,1
2005,deu,1
2005,dom,3
2005,dza,12
2005,eth,211
2005,fin,0
2005,fra,3
2005,gbr,2
2005,geo,0
2005,gtm,0
2005,guy,34
2005,hnd,8
2005,hrv,0
2005,hti,17
2005,hun,0
2005,idn,154
2005,ind,2129
2005,irn,109
2005,jpn,0
2005,kaz,0
2005,ken,26
2005,kgz,3
2005,khm,16
2005,kor,18
2005,lka,6
2005,ltu,0
2005,mda,0
2005,mdg,29
2005,mex,41
2005,mkd,0
2005,mli,0
2005,moz,16
2005,mrt,0
2005,mwi,1
2005,mys,13
2005,nga,60
2005,npl,51
2005,nzl,0
2005,pak,636
2005,pan,3
2005,phl,5
2005,png,1
2005,pol,3
2005,prk,193
2005,rou,78
2005,rus,22
2005,sau,63
2005,scg,2
2005,sdn,5
2005,sen,0
2005,sle,20
2005,slv,48
2005,som,12
2005,svk,1
2005,svn,0
2005,tha,76
2005,tjk,8
2005,tur,7
2005,twn,16
2005,tza,1
2005,ukr,0
2005,usa,53
2005,uzb,0
2005,ven,97
2005,vnm,192
2005,yem,22
2005,zmb,0
2006,afg,282
2006,ago,0
2006,arg,0
2006,aus,0
2006,aut,0
2006,bdi,22
2006,bfa,0
2006,bgd,0
2006,bgr,0
2006,bol,25
2006,bra,20
2006,can,1
2006,che,0
2006,chl,18
2006,chn,430
2006,cod,1
2006,cog,6
2006,col,150
2006,cub,2
2006,cze,6
2006,deu,3
2006,dza,1
2006,ecu,16
2006,esp,2
2006,eth,951
2006,fji,4
2006,geo,0
2006,gin,0
2006,grc,1
2006,guy,0
2006,hnd,4
2006,hrv,0
2006,hti,11
2006,hun,0
2006,idn,645
2006,ind,1194
2006,irn,14
2006,irq,20
2006,jam,1
2006,jpn,42
2006,ken,212
2006,khm,5
2006,kor,46
2006,lka,25
2006,mar,17
2006,mex,0
2006,mkd,0
2006,mli,1
2006,mmr,25
2006,mrt,7
2006,mwi,8
2006,mys,6
2006,nam,5
2006,ner,4
2006,nga,40
2006,nor,1
2006,npl,0
2006,nzl,0
2006,pak,400
2006,pan,11
2006,per,0
2006,phl,36
2006,png,1
2006,pol,0
2006,prk,278
2006,prt,3
2006,rou,34
2006,rus,0
2006,scg,0
2006,sdn,27
2006,som,97
2006,sur,3
2006,svk,1
2006,syr,6
2006,tcd,52
2006,tgo,0
2006,tha,280
2006,tur,59
2006,twn,3
2006,tza,0
2006,uga,3
2006,ukr,2
2006,usa,40
2006,ven,0
2006,vnm,178
2006,yem,30
2006,zaf,12
2007,afg,296
2007,ago,105
2007,arg,10
2007,aus,9
2007,aut,0
2007,bdi,5
2007,ben,10
2007,bfa,52
2007,bgd,1230
2007,bgr,12
2007,bol,115
2007,bra,69
2007,caf,1
2007,can,0
2007,che,1
2007,chn,1010
2007,civ,0
2007,cmr,8
2007,cod,32
2007,cog,0
2007,col,218
2007,cri,19
2007,cub,0
2007,cze,0
2007,deu,1
2007,dom,12
2007,dza,82
2007,esp,5
2007,eth,17
2007,fji,6
2007,gbr,14
2007,gha,56
2007,gin,0
2007,gmb,0
2007,grc,2
2007,gtm,11
2007,hnd,6
2007,hti,61
2007,idn,438
2007,ind,2051
2007,irn,12
2007,jpn,2
2007,ken,19
2007,kgz,0
2007,khm,2
2007,kor,3
2007,lbr,1
2007,lka,33
2007,mdg,7
2007,mdv,0
2007,mex,22
2007,mli,18
2007,mmr,5
2007,mne,0
2007,moz,54
2007,mrt,3
2007,mwi,2
2007,mys,46
2007,nam,7
2007,ner,7
2007,nga,91
2007,nic,10
2007,npl,214
2007,pak,526
2007,pan,2
2007,per,17
2007,phl,40
2007,prk,610
2007,rou,14
2007,rus,0
2007,rwa,30
2007,sdn,150
2007,sen,8
2007,sle,0
2007,slv,2
2007,som,25
2007,srb,0
2007,tcd,15
2007,tgo,41
2007,tha,53
2007,tjk,22
2007,tls,1
2007,tun,16
2007,tur,16
2007,uga,33
2007,ury,2
2007,usa,80
2007,vnm,230
2007,yem,93
2007,zaf,0
2007,zmb,14
2007,zwe,27
2008,afg,0
2008,ago,7
2008,arg,0
2008,aus,7
2008,bdi,9
2008,ben,15
2008,bfa,6
2008,bgd,28
2008,blz,1
2008,bra,200
2008,caf,0
2008,can,0
2008,chl,9
2008,chn,352
2008,civ,6
2008,cmr,9
2008,cod,15
2008,col,87
2008,cri,7
2008,cub,0
2008,dza,93
2008,ecu,41
2008,eth,45
2008,fsm,0
2008,gbr,8
2008,gha,0
2008,gin,0
2008,gmb,0
2008,gnb,0
2008,gtm,30
2008,guy,0
2008,hnd,67
2008,idn,112
2008,ind,1590
2008,irn,22
2008,irq,4
2008,ita,9
2008,jpn,5
2008,kaz,1
2008,ken,55
2008,kir,0
2008,kor,10
2008,lao,6
2008,lbr,0
2008,lka,48
2008,mar,30
2008,mda,3
2008,mex,12
2008,mhl,0
2008,mli,0
2008,moz,25
2008,mwi,0
2008,mys,0
2008,nam,42
2008,ner,7
2008,nic,17
2008,npl,115
2008,pak,83
2008,pan,28
2008,per,40
2008,phl,116
2008,png,0
2008,prt,2
2008,rou,5
2008,rwa,0
2008,sen,1
2008,slv,30
2008,som,0
2008,ssd,17
2008,sur,2
2008,swz,0
2008,tcd,0
2008,tgo,6
2008,tha,39
2008,tza,73
2008,uga,49
2008,ukr,38
2008,usa,44
2008,ven,8
2008,vnm,157
2008,yem,90
2008,zaf,11
2008,zmb,4
2009,afg,69
2009,ago,62
2009,alb,0
2009,arg,9
2009,aus,7
2009,aut,1
2009,aze,0
2009,bdi,0
2009,ben,10
2009,bfa,9
2009,bgd,16
2009,bih,0
2009,bol,0
2009,bra,90
2009,bwa,0
2009,caf,1
2009,can,0
2009,chn,209
2009,cod,0
2009,col,23
2009,com,2
2009,cpv,3
2009,cze,17
2009,deu,0
2009,dom,7
2009,dza,48
2009,ecu,3
2009,fji,12
2009,gbr,3
2009,gha,40
2009,gin,2
2009,gmb,5
2009,gtm,0
2009,hti,21
2009,idn,126
2009,ind,1500
2009,irl,0
2009,irq,2
2009,ita,35
2009,ken,56
2009,lao,10
2009,lbr,2
2009,lka,3
2009,mar,29
2009,mex,28
2009,mli,25
2009,mne,0
2009,mng,26
2009,moz,0
2009,mrt,1
2009,mys,0
2009,nam,92
2009,ner,3
2009,nga,31
2009,nic,0
2009,npl,117
2009,pak,102
2009,pan,0
2009,per,158
2009,phl,55
2009,pol,1
2009,pry,0
2009,rou,11
2009,sau,161
2009,sdn,20
2009,sen,6
2009,slb,21
2009,sle,103
2009,som,0
2009,srb,0
2009,tcd,6
2009,tgo,0
2009,tha,15
2009,tjk,21
2009,tun,17
2009,tur,47
2009,tza,38
2009,ury,1
2009,usa,11
2009,vnm,37
2009,vut,0
2009,zaf,14
2009,zmb,31
2010,afg,135
2010,ago,25
2010,alb,0
2010,aus,35
2010,aze,3
2010,bdi,0
2010,bel,4
2010,ben,46
2010,bfa,16
2010,bgd,15
2010,bgr,0
2010,bih,3
2010,bol,26
2010,bra,363
2010,caf,3
2010,chn,1911
2010,civ,18
2010,cmr,13
2010,cod,0
2010,col,418
2010,cri,27
2010,cze,13
2010,deu,3
2010,dom,7
2010,ecu,14
2010,egy,27
2010,esp,2
2010,eth,19
2010,fra,26
2010,gbr,0
2010,gha,63
2010,gin,8
2010,gmb,9
2010,gnb,2
2010,grc,1
2010,gtm,0
2010,hnd,122
2010,hrv,0
2010,hti,44
2010,hun,1
2010,idn,411
2010,ind,690
2010,isr,2
2010,ita,0
2010,jpn,10
2010,kaz,44
2010,ken,194
2010,khm,8
2010,lbr,1
2010,lca,0
2010,lka,35
2010,ltu,4
2010,mar,42
2010,mda,1
2010,mex,66
2010,mli,0
2010,mne,0
2010,moz,5
2010,mrt,0
2010,mwi,0
2010,nam,8
2010,ner,5
2010,nga,40
2010,nic,66
2010,npl,150
2010,pak,2113
2010,pan,15
2010,per,20
2010,phl,162
2010,pol,28
2010,prk,0
2010,prt,43
2010,pse,0
2010,rou,26
2010,rus,23
2010,sau,24
2010,sdn,36
2010,sen,2
2010,slb,2
2010,sle,0
2010,som,11
2010,srb,2
2010,ssd,0
2010,svk,7
2010,svn,3
2010,tcd,24
2010,tgo,22
2010,tha,258
2010,tjk,75
2010,ukr,6
2010,usa,20
2010,ven,41
2010,vnm,186
2010,yem,22
2010,zmb,0
2010,zwe,0
2011,afg,62
2011,ago,130
2011,aus,0
2011,bdi,0
2011,ben,0
2011,bgd,10
2011,bol,52
2011,bra,978
2011,bwa,0
2011,caf,0
2011,can,5
2011,chn,628
2011,cod,0
2011,col,273
2011,cri,4
2011,dom,4
2011,dza,10
2011,ecu,0
2011,esp,1
2011,eth,0
2011,fra,6
2011,geo,7
2011,gha,20
2011,gin,0
2011,gtm,59
2011,hnd,33
2011,hti,36
2011,idn,62
2011,ind,608
2011,irl,2
2011,irq,6
2011,ita,16
2011,jpn,6
2011,kaz,2
2011,ken,33
2011,khm,247
2011,kor,62
2011,lao,48
2011,lka,65
2011,lso,26
2011,mex,77
2011,mli,1
2011,mmr,151
2011,moz,11
2011,mwi,4
2011,mys,2
2011,nam,108
2011,ner,16
2011,nga,174
2011,nic,17
2011,npl,104
2011,pak,509
2011,pan,0
2011,per,72
2011,phl,122
2011,prk,64
2011,rus,0
2011,rwa,14
2011,sau,11
2011,sen,0
2011,sle,21
2011,slv,35
2011,som,0
2011,srb,0
2011,tha,877
2011,tjk,0
2011,tza,37
2011,uga,27
2011,usa,17
2011,vct,0
2011,ven,17
2011,vnm,122
2011,zaf,40
2011,zmb,0
2011,zwe,0
2012,afg,149
2012,arg,6
2012,aus,4
2012,ben,4
2012,bfa,18
2012,bgd,139
2012,bgr,5
2012,bol,13
2012,bra,3
2012,can,0
2012,chl,0
2012,chn,622
2012,cmr,25
2012,cod,1
2012,cog,19
2012,col,77
2012,com,4
2012,cri,6
2012,cub,2
2012,dom,0
2012,dza,69
2012,ecu,29
2012,esp,11
2012,fji,15
2012,gab,1
2012,gbr,8
2012,geo,5
2012,grc,2
2012,hrv,0
2012,hti,42
2012,idn,41
2012,ind,279
2012,irn,7
2012,irq,4
2012,ita,6
2012,jpn,30
2012,kaz,0
2012,ken,73
2012,kgz,0
2012,khm,14
2012,lka,53
2012,mmr,2
2012,mwi,4
2012,nam,0
2012,ner,91
2012,nga,363
2012,nic,9
2012,npl,72
2012,pak,518
2012,pan,6
2012,per,14
2012,phl,157
2012,png,5
2012,prk,88
2012,pry,0
2012,pse,0
2012,rus,179
2012,rwa,5
2012,sau,19
2012,sdn,35
2012,sen,19
2012,slb,0
2012,som,31
2012,ssd,47
2012,svn,0
2012,tcd,20
2012,tha,0
2012,tjk,0
2012,tur,13
2012,twn,6
2012,tza,10
2012,uga,0
2012,usa,2
2012,ven,0
2012,vnm,34
2012,zaf,13
2013,afg,113
2013,ago,9
2013,alb,0
2013,arg,52
2013,aut,4
2013,ben,0
2013,bfa,2
2013,bhs,0
2013,bol,99
2013,bra,119
2013,bwa,12
2013,caf,0
2013,can,4
2013,chn,637
2013,cmr,0
2013,col,7
2013,cub,2
2013,cze,15
2013,deu,14
2013,dom,0
2013,ecu,0
2013,esp,0
2013,eth,0
2013,fra,4
2013,gbr,2
2013,geo,0
2013,gha,5
2013,gin,0
2013,gmb,2
2013,hti,6
2013,hun,0
2013,idn,89
2013,ind,6453
2013,irq,11
2013,ita,18
2013,jpn,5
2013,ken,128
2013,khm,200
2013,lao,23
2013,lby,16
2013,lca,6
2013,lka,110
2013,mex,13
2013,mkd,1
2013,mli,37
2013,mmr,7
2013,moz,119
2013,mrt,8
2013,mus,11
2013,mwi,3
2013,mys,4
2013,nam,0
2013,ner,32
2013,nga,19
2013,nic,27
2013,nor,0
2013,npl,195
2013,pak,268
2013,per,68
2013,phl,105
2013,png,0
2013,prk,51
2013,pry,0
2013,pse,5
2013,rou,9
2013,rus,4
2013,sau,39
2013,sdn,76
2013,sen,8
2013,slb,0
2013,som,7
2013,srb,0
2013,ssd,99
2013,svk,1
2013,tha,84
2013,uga,13
2013,ukr,2
2013,usa,31
2013,vct,12
2013,vnm,141
2013,yem,40
2013,zmb,0
2013,zwe,125
2014,afg,512
2014,arg,3
2014,bdi,96
2014,bgd,59
2014,bgr,20
2014,bih,26
2014,bol,38
2014,bra,41
2014,can,0
2014,chl,0
2014,chn,473
2014,civ,46
2014,cmr,0
2014,cod,154
2014,col,77
2014,dom,1
2014,fra,12
2014,gbr,2
2014,geo,0
2014,grc,0
2014,gtm,6
2014,hnd,4
2014,hrv,3
2014,hti,12
2014,hun,0
2014,idn,77
2014,ind,622
2014,irn,37
2014,ita,10
2014,kaz,5
2014,khm,45
2014,kir,0
2014,kor,17
2014,lao,0
2014,lka,95
2014,mar,11
2014,mhl,0
2014,mmr,0
2014,moz,22
2014,mys,17
2014,ner,36
2014,nga,15
2014,nic,0
2014,npl,318
2014,pak,255
2014,pan,9
2014,per,41
2014,phl,5
2014,png,0
2014,pri,1
2014,pry,0
2014,rou,2
2014,rus,6
2014,sdn,39
2014,slb,47
2014,som,0
2014,srb,56
2014,svn,2
2014,swz,11
2014,syc,0
2014,tha,29
2014,tjk,20
2014,tza,31
2014,usa,2
2014,zaf,32
2014,zmb,0
2014,zwe,14
2015,afg,7
2015,ago,75
2015,alb,1
2015,arg,11
2015,aus,6
2015,bdi,52
2015,bfa,8
2015,bgd,31
2015,bgr,5
2015,bih,0
2015,blz,0
2015,bol,25
2015,bra,11
2015,chl,178
2015,chn,310
2015,civ,16
2015,cmr,4
2015,cod,49
2015,col,0
2015,cri,0
2015,cub,3
2015,dom,2
2015,dza,12
2015,ecu,12
2015,esp,4
2015,eth,0
2015,fra,20
2015,gbr,0
2015,geo,40
2015,gha,25
2015,gin,9
2015,grc,3
2015,gtm,8
2015,guy,0
2015,hrv,0
2015,hti,6
2015,idn,9
2015,ind,839
2015,irn,52
2015,irq,58
2015,ita,4
2015,jpn,21
2015,kaz,2
2015,ken,138
2015,khm,0
2015,lao,4
2015,lka,10
2015,mdg,26
2015,mex,0
2015,mkd,7
2015,mli,5
2015,mmr,172
2015,moz,160
2015,mwi,278
2015,mys,1
2015,ner,27
2015,nga,53
2015,nic,2
2015,nzl,1
2015,pak,367
2015,pan,0
2015,per,9
2015,phl,53
2015,png,0
2015,prk,33
2015,pry,12
2015,rou,1
2015,rus,1
2015,rwa,2
2015,sau,23
2015,sdn,20
2015,sle,10
2015,slv,1
2015,som,0
2015,tjk,0
2015,tur,8
2015,tza,12
2015,ury,2
2015,usa,98
2015,ven,0
2015,vnm,34
2016,afg,84
2016,ago,113
2016,alb,2
2016,arg,0
2016,aus,1
2016,aut,0
2016,bel,3
2016,bfa,15
2016,bgd,106
2016,bol,4
2016,bra,33
2016,can,0
2016,chl,12
2016,chn,816
2016,civ,20
2016,cod,50
2016,col,10
2016,deu,7
2016,dom,15
2016,ecu,9
2016,esp,5
2016,eth,128
2016,fra,4
2016,gha,10
2016,grc,4
2016,hnd,6
2016,hti,53
2016,hun,0
2016,idn,89
2016,ind,666
2016,ita,1
2016,jpn,7
2016,ken,42
2016,lao,5
2016,lbr,0
2016,lka,203
2016,mex,25
2016,mkd,22
2016,mli,13
2016,mmr,19
2016,moz,63
2016,mwi,12
2016,mys,0
2016,ner,61
2016,nga,18
2016,npl,163
2016,nzl,0
2016,omn,2
2016,pak,369
2016,per,2
2016,phl,45
2016,png,0
2016,pol,2
2016,prk,552
2016,rou,3
2016,rus,0
2016,rwa,67
2016,sau,21
2016,sdn,171
2016,sen,5
2016,som,9
2016,srb,1
2016,ssd,0
2016,tha,21
2016,tjk,4
2016,tza,16
2016,uga,0
2016,ukr,3
2016,ury,8
2016,usa,54
2016,vct,0
2016,ven,0
2016,vnm,91
2016,yem,20
2016,zaf,13
2017,afg,36
2017,ago,11
2017,alb,1
2017,are,0
2017,arg,1
2017,bfa,2
2017,bgd,144
2017,bgr,4
2017,bra,14
2017,bwa,0
2017,caf,0
2017,can,2
2017,chl,9
2017,chn,231
2017,civ,15
2017,cmr,3
2017,cod,105
2017,col,35
2017,deu,1
2017,fra,1
2017,gbr,0
2017,gha,0
2017,gin,0
2017,gmb,6
2017,grc,23
2017,gtm,1
2017,guy,0
2017,hnd,18
2017,hti,31
2017,idn,44
2017,ind,1046
2017,irl,0
2017,irn,60
2017,ita,1
2017,jpn,37
2017,kaz,0
2017,ken,26
2017,lka,302
2017,mex,2
2017,mmr,3
2017,mwi,0
2017,mys,9
2017,nam,0
2017,ner,72
2017,nga,20
2017,nic,7
2017,npl,187
2017,nzl,0
2017,omn,3
2017,pak,180
2017,per,200
2017,phl,22
2017,pyf,0
2017,rus,0
2017,sau,4
2017,sdn,25
2017,tgo,0
2017,tha,150
2017,tjk,0
2017,twn,5
2017,tza,7
2017,uga,17
2017,ury,0
2017,usa,30
2017,vnm,137
2017,yem,50
2017,zaf,3
2018,afg,101
2018,ago,8
2018,alb,0
2018,arg,0
2018,aus,0
2018,bdi,0
2018,bgd,35
2018,bgr,0
2018,blr,0
2018,bol,6
2018,bra,7
2018,bwa,0
2018,can,0
2018,chn,244
2018,civ,20
2018,cod,51
2018,col,26
2018,cri,1
2018,dom,0
2018,dza,6
2018,esp,13
2018,fra,15
2018,geo,0
2018,gha,34
2018,gtm,2
2018,hnd,6
2018,hrv,0
2018,idn,80
2018,ind,710
2018,irn,9
2018,irq,21
2018,isr,12
2018,ita,10
2018,jor,34
2018,jpn,246
2018,kaz,0
2018,ken,134
2018,khm,0
2018,kwt,1
2018,lao,136
2018,lka,34
2018,mex,20
2018,mli,0
2018,mmr,35
2018,mng,0
2018,moz,11
2018,mwi,5
2018,mys,2
2018,ner,36
2018,nga,300
2018,nic,4
2018,npl,15
2018,nzl,0
2018,pak,60
2018,phl,11
2018,pri,0
2018,prk,148
2018,pry,0
2018,qat,0
2018,rou,0
2018,rus,10
2018,rwa,58
2018,sdn,46
2018,slv,4
2018,som,5
2018,srb,0
2018,tjk,6
2018,tto,0
2018,tun,6
2018,tza,15
2018,usa,7
2018,ven,2
2018,vnm,67
2019,afg,171
2019,ago,71
2019,arg,6
2019,aus,3
2019,bdi,24
2019,bgd,114
2019,bih,1
2019,bol,60
2019,bra,47
2019,caf,0
2019,can,1
2019,chl,6
2019,chn,355
2019,civ,12
2019,cod,43
2019,cog,0
2019,col,52
2019,dji,11
2019,ecu,14
2019,esp,17
2019,eth,0
2019,fra,8
2019,gbr,1
2019,geo,0
2019,gha,32
2019,hrv,1
2019,hti,14
2019,idn,326
2019,ind,2023
2019,irn,76
2019,irq,10
2019,ita,0
2019,jpn,13
2019,ken,90
2019,khm,12
2019,lao,19
2019,lby,4
2019,lka,30
2019,mar,24
2019,mdg,9
2019,mdv,0
2019,mex,12
2019,mli,15
2019,mmr,115
2019,mng,12
2019,moz,56
2019,mrt,3
2019,mwi,60
2019,mys,2
2019,ner,52
2019,nga,24
2019,npl,119
2019,omn,6
2019,pak,206
2019,per,61
2019,phl,0
2019,png,2
2019,pry,40
2019,rou,4
2019,rus,59
2019,rwa,28
2019,sau,20
2019,sdn,78
2019,sen,6
2019,sle,7
2019,som,17
2019,srb,0
2019,ssd,3
2019,syr,2
2019,tcd,0
2019,tha,19
2019,tjk,4
2019,tur,18
2019,tza,47
2019,uga,127
2019,ury,0
2019,usa,10
2019,ven,6
2019,vnm,47
2019,yem,26
2019,zaf,98
2019,zmb,4
2019,zwe,26
2020,afg,293
2020,ago,33
2020,arg,3
2020,aus,1
2020,bdi,3
2020,ben,6
2020,bfa,13
2020,bgd,257
2020,bih,0
2020,bol,26
2020,bra,151
2020,can,1
2020,chn,410
2020,civ,24
2020,cmr,0
2020,cod,83
2020,cog,20
2020,col,25
2020,cpv,1
2020,cze,10
2020,dji,8
2020,ecu,0
2020,egy,40
2020,eth,12
2020,fra,2
2020,gbr,0
2020,geo,0
2020,gha,7
2020,gin,0
2020,grc,8
2020,gtm,3
2020,guf,0
2020,hnd,3
2020,idn,199
2020,ind,2104
2020,irn,40
2020,irq,8
2020,isr,7
2020,ita,4
2020,jpn,82
2020,kaz,0
2020,ken,285
2020,kor,52
2020,lka,6
2020,mdg,40
2020,mex,30
2020,mmr,0
2020,mng,10
2020,moz,24
2020,mrt,9
2020,mwi,1
2020,mys,0
2020,nam,0
2020,ner,83
2020,nga,189
2020,npl,448
2020,nzl,0
2020,omn,3
2020,pak,507
2020,pan,11
2020,per,15
2020,png,19
2020,pol,0
2020,prk,22
2020,rou,3
2020,rwa,111
2020,sau,3
2020,sdn,155
2020,sen,11
2020,som,32
2020,srb,2
2020,ssd,0
2020,svk,1
2020,tcd,3
2020,tgo,11
2020,tha,31
2020,tjk,2
2020,tls,3
2020,tun,6
2020,tur,24
2020,tza,43
2020,uga,27
2020,ukr,3
2020,ury,0
2020,usa,1
2020,uzb,4
2020,ven,3
2020,vnm,5
2020,yem,202
2020,zaf,3
2020,zmb,3
2021,afg,376
2021,ago,22
2021,alb,0
2021,arg,0
2021,aus,6
2021,aut,1
2021,bdi,0
2021,bel,39
2021,ben,13
2021,bgd,21
2021,bgr,0
2021,bih,0
2021,bol,50
2021,bra,62
2021,btn,10
2021,caf,0
2021,can,4
2021,che,0
2021,chl,0
2021,chn,391
2021,cog,24
2021,col,22
2021,cri,3
2021,cze,0
2021,deu,226
2021,dza,13
2021,ecu,6
2021,egy,3
2021,esp,3
2021,eth,16
2021,fra,2
2021,geo,0
2021,gha,9
2021,gin,5
2021,gtm,2
2021,guy,0
2021,hti,7
2021,idn,60
2021,ind,1557
2021,irn,11
2021,irq,16
2021,ita,1
2021,jpn,12
2021,ken,9
2021,khm,0
2021,lka,35
2021,lux,0
2021,mar,24
2021,mdg,1
2021,mex,30
2021,mmr,0
2021,mng,0
2021,moz,0
2021,mys,79
2021,nam,0
2021,ner,62
2021,nga,4
2021,nld,0
2021,npl,251
2021,nzl,0
2021,pak,220
2021,pan,1
2021,per,23
2021,phl,5
2021,pol,0
2021,prk,0
2021,pry,10
2021,rou,1
2021,rus,8
2021,rwa,0
2021,sdn,52
2021,slv,5
2021,som,25
2021,srb,0
2021,ssd,7
2021,stp,8
2021,sur,0
2021,svk,1
2021,svn,0
2021,swe,0
2021,syr,1
2021,tcd,32
2021,tha,14
2021,tjk,7
2021,tun,3
2021,tur,73
2021,tza,1
2021,uga,5
2021,usa,58
2021,ven,46
2021,vnm,24
2021,yem,46
2021,zaf,31
2022,afg,252
2022,aus,31
2022,ben,44
2022,bgd,141
2022,bgr,0
2022,bih,1
2022,bol,60
2022,bra,528
2022,caf,16
2022,can,0
2022,chn,124
2022,civ,13
2022,cmr,2
2022,cod,223
2022,cog,0
2022,col,81
2022,cub,3
2022,dom,0
2022,ecu,76
2022,eth,0
2022,geo,0
2022,gha,0
2022,gin,0
2022,gmb,6
2022,gtm,48
2022,guy,0
2022,hnd,9
2022,hrv,0
2022,hti,7
2022,idn,55
2022,ind,2098
2022,irn,98
2022,ita,12
2022,jpn,2
2022,khm,15
2022,kor,14
2022,lao,1
2022,lca,0
2022,lka,12
2022,mdg,34
2022,mex,13
2022,mli,10
2022,mng,0
2022,moz,88
2022,mrt,14
2022,mwi,62
2022,mys,17
2022,ner,195
2022,nga,603
2022,npl,147
2022,pak,1739
2022,pan,0
2022,per,1
2022,phl,73
2022,pri,0
2022,rus,1
2022,rwa,29
2022,sdn,146
2022,sen,0
2022,sle,12
2022,som,0
2022,ssd,0
2022,sur,0
2022,tcd,22
2022,tgo,0
2022,tha,19
2022,tto,0
2022,tun,1
2022,tur,3
2022,tza,10
2022,uga,57
2022,ury,0
2022,usa,42
2022,uzb,5
2022,ven,33
2022,vnm,30
2022,yem,90
2022,zaf,579
2022,zmb,3
2022,zwe,0
2023,afg,71
2023,ago,84
2023,arg,0
2023,aus,0
2023,bdi,21
2023,bel,0
2023,bgd,4
2023,bgr,4
2023,bih,0
2023,blr,0
2023,bol,22
2023,bra,124
2023,can,6
2023,chl,7
2023,chn,138
2023,cmr,2
2023,cod,2874
2023,cog,23
2023,col,1
2023,cub,6
2023,cze,0
2023,dom,35
2023,dza,8
2023,ecu,30
2023,esp,3
2023,eth,151
2023,fra,1
2023,geo,0
2023,gha,8
2023,gin,8
2023,grc,17
2023,gtm,78
2023,hkg,0
2023,hrv,0
2023,hti,80
2023,idn,6
2023,ind,1624
2023,ita,17
2023,jpn,6
2023,ken,214
2023,kor,58
2023,lao,7
2023,lka,0
2023,lva,0
2023,mex,11
2023,mmr,10
2023,mng,4
2023,moz,14
2023,mrt,1
2023,mys,6
2023,nam,0
2023,ner,41
2023,nga,275
2023,npl,36
2023,nzl,4
2023,pak,335
2023,per,96
2023,phl,71
2023,pry,6
2023,rwa,131
2023,som,165
2023,srb,2
2023,svn,6
2023,syr,0
2023,tha,6
2023,tjk,21
2023,tur,27
2023,tza,51
2023,uga,23
2023,ukr,0
2023,ury,0
2023,usa,13
2023,ven,12
2023,vnm,24
2023,yem,248
2023,zaf,65
2023,zmb,0
2024,afg,611
2024,are,4
2024,arg,0
2024,arm,4
2024,aus,2
2024,bdi,29
2024,ben,0
2024,bfa,0
2024,bgd,96
2024,bih,27
2024,bol,4
2024,bra,271
2024,caf,0
2024,chl,1
2024,chn,168
2024,civ,26
2024,cmr,38
2024,cod,311
2024,cri,8
2024,cyp,0
2024,deu,12
2024,dom,0
2024,dza,5
2024,ecu,6
2024,esp,232
2024,eth,5
2024,fra,1
2024,gab,0
2024,gin,5
2024,grc,0
2024,gtm,18
2024,hti,30
2024,idn,154
2024,ind,285
2024,irn,44
2024,irq,3
2024,jpn,6
2024,kaz,2
2024,ken,389
2024,kgz,6
2024,kor,4
2024,lao,0
2024,lbr,2
2024,lby,5
2024,lka,42
2024,mar,22
2024,mli,92
2024,mmr,0
2024,mwi,17
2024,ner,396
2024,nga,358
2024,npl,292
2024,omn,27
2024,pak,408
2024,per,0
2024,phl,21
2024,prk,0
2024,rus,3
2024,rwa,14
2024,sdn,132
2024,sen,0
2024,sle,0
2024,som,9
2024,ssd,0
2024,syr,0
2024,tcd,577
2024,tgo,0
2024,tha,57
2024,tjk,3
2024,tur,10
2024,tza,164
2024,uga,77
2024,ury,0
2024,usa,7
2024,vnm,3
2024,yem,342
2024,zaf,44
2025,afg,39
2025,arg,125
2025,bgd,5
2025,bih,0
2025,bol,63
2025,bra,0
2025,bwa,9
2025,chn,91
2025,cod,351
2025,dza,6
2025,hkg,0
2025,hrv,0
2025,idn,42
2025,ind,190
2025,irq,0
2025,ita,0
2025,kor,28
2025,lao,11
2025,mdg,11
2025,mex,1
2025,mmr,6
2025,mwi,39
2025,mys,5
2025,nam,16
2025,nga,243
2025,pak,383
2025,per,7
2025,phl,7
2025,rou,3
2025,som,18
2025,tha,1
2025,twn,7
2025,tza,26
2025,usa,160
2025,vnm,3
2025,zaf,88
