time,geo,storm_affected_annual_number
1900,usa,0
1902,mmr,0
1903,jam,0
1903,usa,0
1904,bgd,0
1905,phl,0
1906,hkg,0
1906,usa,0
1909,bgd,0
1909,hti,0
1909,usa,0
1910,usa,0
1911,bgd,0
1911,twn,0
1912,can,2700
1912,chn,0
1912,jam,94820
1912,jpn,0
1912,phl,0
1913,usa,0
1914,tkl,0
1915,hti,0
1915,usa,0
1916,ind,0
1917,jam,0
1917,jpn,0
1918,usa,0
1919,bgd,0
1919,usa,0
1920,usa,0
1922,bgd,0
1922,chn,0
1923,bgd,25000
1923,hkg,0
1923,jam,1300
1923,jpn,0
1923,mmr,0
1923,sun,0
1924,ind,1000000
1924,twn,0
1925,ind,0
1925,tkl,0
1925,usa,0
1926,bgd,0
1926,bhs,0
1926,cub,0
1926,mmr,40000
1926,pak,0
1926,usa,0
1927,chn,0
1927,ind,40010
1927,usa,0
1928,glp,0
1928,kna,0
1928,msr,0
1928,pol,0
1928,pri,0
1928,rou,0
1928,usa,0
1929,bhs,0
1929,dfr,0
1930,bel,0
1930,dom,12000
1930,grc,0
1931,blz,0
1931,fji,0
1931,hnd,0
1931,phl,0
1932,cub,0
1932,phl,2500
1932,pri,0
1932,usa,0
1933,jam,0
1933,tto,0
1933,usa,0
1934,jpn,0
1934,phl,0
1934,slv,0
1935,bhs,0
1935,cub,500
1935,hti,0
1935,ind,0
1935,jam,0
1935,usa,0
1936,ind,0
1936,kor,0
1936,mmr,150000
1936,phl,0
1936,usa,0
1937,bgd,0
1937,hkg,0
1937,phl,0
1938,phl,0
1938,usa,0
1939,ncl,0
1939,pak,0
1940,phl,0
1940,usa,0
1940,vut,0
1941,bgd,0
1941,esp,120
1941,fji,0
1941,prt,142
1942,bgd,0
1942,cok,0
1942,ind,0
1943,cok,0
1943,ind,30000
1944,cub,0
1944,ind,0
1944,jam,2000
1944,pak,10000
1944,usa,0
1945,bhs,0
1945,ind,2000
1945,jpn,1881672
1945,usa,0
1946,azo,0
1946,can,0
1946,cok,0
1946,phl,0
1946,usa,0
1947,bgd,0
1947,hkg,0
1947,jpn,0
1947,usa,0
1948,bmu,0
1948,chn,0
1948,cub,300
1948,ita,5245
1948,jpn,414153
1948,ncl,0
1948,reu,0
1948,usa,0
1949,bra,0
1949,ind,0
1949,jpn,194046
1949,phl,0
1949,usa,0
1950,atg,0
1950,can,0
1950,ind,0
1950,jpn,642117
1950,usa,0
1951,bgd,0
1951,com,0
1951,jam,20200
1951,jpn,0
1951,mex,0
1951,ncl,0
1951,phl,60000
1951,twn,0
1951,vut,0
1952,fji,800
1952,ind,1000000
1952,jpn,0
1952,phl,452
1952,usa,0
1952,zaf,0
1953,dfr,0
1953,jpn,1000000
1953,twn,0
1953,usa,0
1953,vnm,0
1954,ant,0
1954,can,0
1954,hti,250000
1954,jpn,47049
1954,usa,0
1955,aia,0
1955,blz,0
1955,brb,0
1955,ind,375000
1955,jpn,0
1955,kna,0
1955,mex,0
1955,ncl,0
1955,phl,0
1955,usa,0
1955,vct,0
1956,chn,0
1956,glp,0
1956,idn,0
1956,ind,1000000
1956,jpn,0
1956,moz,0
1956,phl,0
1956,slb,0
1956,usa,0
1956,vnm,0
1957,hkg,111
1957,jpn,0
1957,kor,0
1957,lka,250000
1957,phl,0
1957,spi,0
1957,usa,0
1958,bgd,0
1958,fji,0
1958,ind,20000
1958,jpn,0
1958,pyf,0
1958,twn,0
1958,usa,0
1959,bra,0
1959,can,0
1959,chn,0
1959,hkg,0
1959,jpn,1500000
1959,kor,0
1959,mex,0
1959,ncl,0
1959,niu,1600
1959,phl,0
1959,twn,0
1959,usa,0
1959,vut,0
1960,aia,1250
1960,ant,0
1960,atg,0
1960,bgd,200000
1960,hkg,15127
1960,jpn,0
1960,lca,0
1960,mtq,0
1960,mus,0
1960,niu,4000
1960,phl,425000
1960,pri,0
1960,twn,0
1960,usa,0
1961,bgd,0
1961,blz,0
1961,grc,16000
1961,hkg,1171
1961,hnd,0
1961,jpn,0
1961,mex,0
1961,ton,8000
1961,twn,0
1961,usa,0
1962,can,0
1962,dfr,0
1962,gum,0
1962,hkg,72000
1962,ind,40000
1962,per,0
1962,phl,0
1962,tha,0
1962,twn,0
1962,usa,0
1963,bgd,1000000
1963,bhs,0
1963,cub,0
1963,dma,0
1963,dom,0
1963,grd,0
1963,hti,0
1963,ind,5000000
1963,jam,0
1963,jpn,0
1963,lca,0
1963,mmr,200
1963,mtq,0
1963,phl,2000
1963,tto,0
1963,usa,0
1964,bgd,800
1964,chn,0
1964,cub,0
1964,dom,0
1964,glp,10100
1964,hkg,385
1964,hti,80000
1964,ind,0
1964,jpn,0
1964,kor,86830
1964,lka,380000
1964,pak,400000
1964,pan,518
1964,phl,1225546
1964,tur,12000
1964,usa,0
1964,vnm,700000
1964,wsm,0
1965,bgd,15660000
1965,bhs,1200
1965,chl,0
1965,fji,10000
1965,hkg,203
1965,ita,0
1965,jpn,30770
1965,mmr,500000
1965,pak,0
1965,phl,0
1965,twn,166
1965,usa,1000
1965,wlf,0
1966,asm,0
1966,atg,0
1966,bgd,1800000
1966,bhs,3
1966,bra,0
1966,can,0
1966,cub,174030
1966,dom,12942
1966,glp,10000
1966,hkg,0
1966,hti,67881
1966,ind,150000
1966,jpn,13885
1966,mex,90069
1966,phl,286000
1966,slb,1000
1966,tgo,15
1966,tkl,0
1966,twn,5021
1966,usa,0
1966,wlf,0
1966,wsm,95000
1967,bel,100
1967,bgd,200
1967,cok,0
1967,fra,0
1967,hkg,1503
1967,ind,0
1967,jpn,3084
1967,lca,0
1967,mex,271000
1967,mmr,157519
1967,mtq,1000
1967,mus,23524
1967,phl,137000
1967,slb,0
1967,twn,167
1967,usa,0
1967,vct,0
1968,bgd,16138
1968,chl,0
1968,col,1083
1968,cub,0
1968,dfr,0
1968,gbr,700
1968,hkg,3004
1968,ind,15000
1968,jpn,0
1968,kor,0
1968,mdg,75000
1968,mmr,90000
1968,mys,10000
1968,ncl,0
1968,niu,0
1968,nzl,1000
1968,phl,226643
1968,slb,200
1968,usa,458
1968,wsm,4
1969,bgd,199473
1969,cyp,3100
1969,fra,0
1969,gtm,10200
1969,hkg,374
1969,hnd,8002
1969,ind,280092
1969,jpn,0
1969,kor,120015
1969,mdg,43040
1969,mex,0
1969,ncl,0
1969,phl,0
1969,slv,4640
1969,twn,40408
1969,usa,0
1970,aus,0
1970,bgd,3648110
1970,can,0
1970,chn,14000
1970,cub,0
1970,dma,0
1970,glp,0
1970,ind,2000
1970,ita,200
1970,kor,2500
1970,mdg,10000
1970,mtq,5000
1970,phl,1812547
1970,usa,0
1971,aus,0
1971,bgd,0
1971,can,0
1971,chl,90000
1971,esp,0
1971,hkg,1486
1971,hnd,0
1971,ind,6900000
1971,jpn,0
1971,kor,50
1971,mex,0
1971,nic,4650
1971,phl,46511
1971,usa,0
1971,vnm,50000
1972,bel,0
1972,bgd,25000
1972,dfr,0
1972,fji,120000
1972,gbr,0
1972,ind,4530075
1972,irn,0
1972,jpn,0
1972,kir,700
1972,mdg,2510056
1972,mus,25016
1972,ncl,0
1972,nld,0
1972,phl,492678
1972,png,0
1972,tur,0
1972,tuv,700
1972,usa,0
1972,vut,0
1973,arg,300
1973,bgd,50000
1973,esp,0
1973,fji,6150
1973,hkg,276
1973,idn,0
1973,ita,5000
1973,jam,2510
1973,jpn,0
1973,phl,3445024
1973,prt,0
1973,ton,900
1973,usa,246
1973,vnm,150000
1974,arg,100000
1974,aus,45640
1974,bgd,0
1974,blz,70000
1974,dfr,0
1974,hkg,2400
1974,hnd,600000
1974,idn,2000
1974,ind,25100
1974,jpn,50
1974,mex,0
1974,phl,103653
1974,tto,50000
1974,usa,0
1975,arg,0
1975,can,340
1975,fji,23000
1975,hkg,1997
1975,ind,2000
1975,irn,0
1975,jpn,175
1975,mdg,10050
1975,mex,0
1975,mmr,0
1975,mus,826258
1975,ncl,0
1975,phl,5224
1975,pri,0
1975,sle,10000
1975,usa,200
1975,vut,0
1975,zwe,0
1976,aus,0
1976,aut,0
1976,bel,3600
1976,bgd,200
1976,che,0
1976,dfr,0
1976,dnk,20000
1976,fra,0
1976,gbr,1650
1976,gum,0
1976,hkg,2492
1976,idn,0
1976,ind,600000
1976,jpn,325107
1976,mdg,508876
1976,mex,576400
1976,ncl,0
1976,nld,0
1976,phl,2704570
1976,swe,0
1977,bgd,10600
1977,bra,100
1977,can,0
1977,chl,16800
1977,hkg,108
1977,idn,3060
1977,ind,14479800
1977,jpn,13045
1977,mdg,30000
1977,mex,50000
1977,moz,51
1977,omn,6596
1977,phl,158219
1977,tcd,100
1977,ton,10005
1977,twn,11528
1977,usa,0
1977,vnm,1000
1977,vut,0
1978,arg,100
1978,aus,100
1978,bgd,100
1978,blz,6000
1978,cub,170
1978,fji,0
1978,hkg,2896
1978,hnd,7500
1978,ind,3200
1978,ita,19
1978,jpn,3100
1978,kor,4000
1978,lka,1005000
1978,mdg,18000
1978,mmr,132000
1978,moz,105000
1978,nga,0
1978,phl,1858914
1978,tha,0
1978,usa,0
1979,aia,0
1979,aus,0
1979,bgd,150
1979,dma,72100
1979,dom,1554000
1979,egy,15000
1979,fji,35900
1979,glp,0
1979,hkg,12590
1979,hti,1110
1979,ind,1605772
1979,jpn,0
1979,kor,35000
1979,mtq,20003
1979,mus,105257
1979,phl,585521
1979,pri,4500
1979,slb,6000
1979,usa,2160
1979,vut,0
1980,bgd,1050
1980,bra,48
1980,brb,5007
1980,chn,100
1980,cub,0
1980,dma,0
1980,dnk,0
1980,dom,0
1980,fji,35250
1980,grd,0
1980,hkg,368
1980,hti,1165000
1980,idn,800
1980,ind,0
1980,jam,30009
1980,jpn,17033
1980,kor,20017
1980,lca,80000
1980,mtq,0
1980,pak,23
1980,phl,1866965
1980,reu,7000
1980,usa,570
1980,vct,20500
1980,vnm,15651884
1981,aut,0
1981,bgd,2037000
1981,bgr,0
1981,caf,1850
1981,can,0
1981,chn,0
1981,cok,0
1981,dnk,0
1981,fji,4700
1981,gbr,0
1981,ind,131700
1981,irn,0
1981,jpn,82600
1981,kor,14253
1981,mdg,118000
1981,mex,0
1981,ncl,2000
1981,omn,0
1981,pak,600
1981,phl,1101545
1981,sun,10000
1981,tha,43000
1981,twn,0
1981,usa,0
1981,vut,0
1982,aus,0
1982,bra,4300
1982,che,0
1982,cpv,2222
1982,cub,180000
1982,fra,0
1982,hkg,900
1982,hnd,20000
1982,idn,123
1982,ind,5300493
1982,jpn,148252
1982,kor,5042
1982,mdg,70000
1982,mex,50000
1982,mmr,36000
1982,mus,32500
1982,nic,52000
1982,phl,1019615
1982,sau,0
1982,slb,30000
1982,ton,146514
1982,usa,51500
1982,vnm,1300290
1983,bgd,5350
1983,che,140
1983,chn,21363
1983,col,540
1983,com,30052
1983,cyp,0
1983,dnk,0
1983,fji,211146
1983,fra,0
1983,gbr,12
1983,hkg,2562
1983,ind,1556800
1983,irl,0
1983,jpn,78
1983,lca,3000
1983,mdg,13560
1983,mex,282500
1983,mus,351
1983,phl,170530
1983,pol,900
1983,pyf,5050
1983,sun,0
1983,twn,0
1983,usa,6000
1983,vnm,1181868
1983,wsm,1000
1983,zaf,200
1984,aut,0
1984,bel,0
1984,bra,200
1984,che,0
1984,chl,323173
1984,chn,0
1984,cpv,5500
1984,csk,0
1984,ddr,0
1984,dfr,250
1984,dma,10000
1984,esp,60060
1984,fra,2000
1984,gbr,0
1984,hun,0
1984,ind,1335000
1984,kna,0
1984,mdg,100215
1984,mex,10000
1984,moz,350000
1984,nld,0
1984,phl,4535206
1984,reu,0
1984,sle,0
1984,sun,0
1984,swz,632500
1984,tuv,0
1984,usa,14657
1984,vnm,651799
1984,zaf,500000
1985,aus,0
1985,bel,0
1985,bgd,1831300
1985,bmu,0
1985,bra,3000
1985,can,1000
1985,che,0
1985,chn,201400
1985,com,35000
1985,cub,498891
1985,ddr,0
1985,dfr,0
1985,dnk,0
1985,fji,122000
1985,fra,0
1985,hkg,612
1985,idn,10000
1985,ind,105000
1985,jam,300
1985,jpn,30200
1985,kor,20
1985,lka,8000
1985,moz,0
1985,nld,0
1985,phl,1603974
1985,slb,650
1985,tca,770
1985,usa,1020500
1985,vnm,450257
1985,vut,117500
1986,arg,1000
1986,aus,1012
1986,bgd,2723100
1986,bmu,0
1986,can,2400
1986,che,0
1986,chl,30806
1986,chn,4616056
1986,col,28000
1986,dom,2000
1986,fji,3000
1986,gbr,0
1986,hkg,41
1986,ind,3300100
1986,irl,1900
1986,jpn,2358
1986,kor,6696
1986,lca,0
1986,mdg,84309
1986,nld,0
1986,npl,0
1986,pak,250
1986,phl,1242736
1986,slb,150000
1986,twn,0
1986,usa,80
1986,vnm,2502502
1986,wlf,4500
1987,arg,1000
1987,bgd,0
1987,bmu,40
1987,brb,230
1987,can,250
1987,che,0
1987,chn,1386588
1987,cok,2000
1987,com,50000
1987,csk,0
1987,dom,0
1987,egy,11
1987,esp,0
1987,fji,3369
1987,fra,0
1987,fsm,203
1987,gbr,0
1987,gnb,3703
1987,grc,0
1987,gum,502
1987,ind,80000
1987,ita,3000
1987,jpn,65010
1987,kor,56000
1987,lca,0
1987,phl,3237632
1987,reu,4000
1987,tkl,1730
1987,tuv,0
1987,twn,2200
1987,usa,3200
1987,vct,208
1987,vnm,937011
1987,vut,48000
1988,aus,0
1988,bgd,10574060
1988,chn,237232
1988,col,100000
1988,cri,127500
1988,cub,61500
1988,dza,10107
1988,hkg,104
1988,hnd,12
1988,hti,870000
1988,ind,1900000
1988,jam,810000
1988,ken,0
1988,lca,0
1988,mex,125000
1988,moz,4000
1988,nic,360278
1988,npl,0
1988,nzl,0
1988,pak,0
1988,pan,8732
1988,phl,4517505
1988,tcd,1200
1988,usa,0
1988,ven,0
1988,vnm,1320000
1988,vut,6700
1989,ant,0
1989,asm,0
1989,atg,8030
1989,aus,0
1989,bgd,104000
1989,bmu,0
1989,bra,45000
1989,can,0
1989,chn,38018944
1989,com,0
1989,dma,710
1989,dom,0
1989,esp,0
1989,fra,0
1989,gbr,0
1989,glp,11084
1989,hkg,1655
1989,ind,3700000
1989,jpn,0
1989,kna,1300
1989,kor,75194
1989,lso,0
1989,mdg,55346
1989,msr,12040
1989,mtq,0
1989,mus,4507
1989,phl,2136865
1989,pri,2000
1989,prt,0
1989,reu,6261
1989,tha,199000
1989,twn,0
1989,usa,25100
1989,vir,10000
1989,vnm,6417359
1989,wsm,0
1990,atg,0
1990,aus,0
1990,aut,0
1990,bel,0
1990,bgd,58570
1990,bhs,0
1990,che,0
1990,chn,5901786
1990,cok,0
1990,deu,0
1990,dnk,0
1990,esp,0
1990,fin,0
1990,fji,6000
1990,fra,0
1990,gbr,0
1990,glp,0
1990,grc,0
1990,grd,1000
1990,hti,0
1990,ind,4100000
1990,irl,0
1990,ita,0
1990,jpn,147778
1990,kna,0
1990,kor,0
1990,lux,0
1990,mex,0
1990,mng,0
1990,msr,0
1990,mtq,1500
1990,niu,200
1990,nld,0
1990,nor,0
1990,phl,6319583
1990,pol,0
1990,swe,0
1990,tca,0
1990,tha,0
1990,tkl,102
1990,ton,3103
1990,tto,1000
1990,tuv,700
1990,twn,20000
1990,usa,10668
1990,vnm,502108
1990,wsm,195000
1990,zaf,0
1991,aus,408
1991,aut,0
1991,bgd,15439149
1991,can,0
1991,chn,3356406
1991,deu,0
1991,gbr,0
1991,hkg,182
1991,ind,25000
1991,irl,0
1991,irn,0
1991,isr,0
1991,jor,0
1991,jpn,91128
1991,kor,20750
1991,lao,38315
1991,mdg,250000
1991,mdv,23849
1991,mex,10000
1991,mhl,6000
1991,mng,0
1991,mrt,300
1991,mus,7500
1991,npl,165
1991,phl,1571865
1991,sun,0
1991,tha,1894238
1991,tur,3
1991,twn,4
1991,usa,3000
1991,vnm,477605
1991,wsm,88000
1992,aus,120
1992,bgd,10300
1992,bhs,1700
1992,chl,38000
1992,chn,16229733
1992,fji,2000
1992,fra,2000
1992,gum,5542
1992,hkg,440
1992,ind,100
1992,irn,3700
1992,jpn,434
1992,kor,433
1992,lao,268877
1992,lbn,104075
1992,mex,10000
1992,nor,0
1992,nzl,0
1992,pan,50
1992,phl,1046294
1992,slb,0
1992,tha,386446
1992,twn,0
1992,ukr,1000
1992,usa,295055
1992,vnm,79358
1992,vut,1160
1993,afg,0
1993,arg,8000
1993,aus,12070
1993,aut,0
1993,bgd,868020
1993,bgr,5000
1993,che,0
1993,chn,8649863
1993,cub,149775
1993,deu,0
1993,eri,15675
1993,fji,160003
1993,fra,1720
1993,gnb,1722
1993,hkg,1569
1993,ind,72500
1993,irn,0
1993,ita,1500
1993,jpn,30463
1993,kor,8630
1993,lao,120
1993,ltu,780000
1993,mac,3986
1993,mex,77000
1993,mng,100000
1993,mtq,3010
1993,nic,123000
1993,nor,0
1993,pak,0
1993,phl,3581327
1993,png,40040
1993,prk,2500
1993,reu,0
1993,rou,200
1993,slb,88500
1993,tha,213916
1993,tuv,150
1993,ury,2000
1993,usa,600
1993,ven,5900
1993,vnm,38757
1993,vut,12005
1993,zaf,0
1994,aus,2860414
1994,aut,0
1994,bgd,659009
1994,bra,1000
1994,btn,65000
1994,can,1304
1994,che,0
1994,chn,26141747
1994,cub,110558
1994,deu,0
1994,esp,0
1994,hti,1587000
1994,ind,428600
1994,ita,100
1994,jam,0
1994,jpn,127
1994,kor,88
1994,lca,750
1994,mda,25580
1994,mdg,540051
1994,mmr,64970
1994,moz,2502000
1994,mus,2300
1994,nld,0
1994,pak,20
1994,phl,1991217
1994,pol,0
1994,rou,5406
1994,rus,62
1994,som,0
1994,tha,15000
1994,tur,0
1994,twn,588
1994,tza,2500
1994,usa,21750
1994,vnm,11000
1994,zaf,2000
1995,ant,40000
1995,arg,6000
1995,atg,3702
1995,aus,431769
1995,bel,800
1995,bgd,2373570
1995,bhs,0
1995,brb,0
1995,can,0
1995,chn,6567998
1995,cri,8062
1995,cub,163
1995,deu,30000
1995,dji,775
1995,dma,5001
1995,dom,2830
1995,fra,5000
1995,gbr,0
1995,glp,0
1995,hnd,22
1995,ind,12000
1995,jpn,500
1995,kaz,0
1995,kna,1800
1995,kor,5160
1995,lao,1000000
1995,lbr,2000
1995,lux,0
1995,mex,66800
1995,msr,0
1995,mtq,0
1995,nic,15085
1995,nld,200000
1995,phl,3276812
1995,pri,98000
1995,rus,2560
1995,tha,0
1995,usa,92160
1995,vir,10000
1995,vnm,23051
1996,aus,622806
1996,azo,60
1996,bgd,118691
1996,can,0
1996,chn,15317482
1996,cri,716000
1996,cub,336676
1996,deu,0
1996,dom,25000
1996,fra,0
1996,gbr,12000
1996,gtm,0
1996,hnd,0
1996,hti,115
1996,ind,9177100
1996,irl,0
1996,irn,85
1996,jam,800
1996,jpn,5738
1996,lso,200
1996,mar,0
1996,mdg,100000
1996,mex,19830
1996,moz,200000
1996,mtq,0
1996,mus,0
1996,mys,4176
1996,nic,10724
1996,npl,19
1996,nzl,2000
1996,phl,37628
1996,pri,57315
1996,slv,0
1996,tha,343386
1996,twn,0
1996,usa,4131
1996,vgb,3
1996,vnm,667091
1997,bgd,3803402
1997,blr,21390
1997,bra,676
1997,can,0
1997,chl,2250
1997,chn,7272699
1997,cok,900
1997,egy,60
1997,esp,9500
1997,fji,3500
1997,gum,6420
1997,hkg,255
1997,ind,0
1997,ita,0
1997,jpn,67000
1997,khm,0
1997,mdg,600000
1997,mex,804755
1997,moz,0
1997,mys,2115
1997,nld,100
1997,nzl,140
1997,pak,0
1997,per,580730
1997,phl,366770
1997,png,7500
1997,prk,0
1997,prt,296
1997,pry,77
1997,rou,460
1997,slv,2000
1997,tha,50394
1997,ton,3000
1997,twn,78
1997,ukr,0
1997,ury,500
1997,usa,4892
1997,vnm,1081177
1998,arg,4000
1998,atg,2025
1998,bel,0
1998,bgd,230244
1998,blz,60000
1998,can,2000
1998,che,0
1998,chn,11001464
1998,cri,16700
1998,cub,147000
1998,deu,15
1998,dom,975595
1998,esp,0
1998,fra,690
1998,gbr,253000
1998,glp,0
1998,gtm,105700
1998,hnd,2112000
1998,hti,12029
1998,ind,4661393
1998,irl,0
1998,jpn,49864
1998,kna,10000
1998,kor,4379
1998,mex,5460
1998,nic,868228
1998,nld,0
1998,pak,0
1998,pan,7500
1998,phl,7322999
1998,pri,0
1998,rus,160
1998,slv,84000
1998,ton,3571
1998,twn,400000
1998,usa,153621
1998,vir,0
1998,vnm,2525237
1998,vut,2400
1998,zaf,160
1999,aia,150
1999,atg,5957
1999,aus,10697
1999,bdi,30810
1999,bel,905
1999,bgd,101510
1999,bgr,850
1999,bhs,0
1999,bih,1090
1999,can,4200
1999,che,0
1999,chn,2181610
1999,col,0
1999,cub,254990
1999,deu,0
1999,dma,715
1999,dnk,0
1999,esp,0
1999,fji,1772
1999,fra,3500031
1999,gbr,200
1999,glp,899
1999,grd,210
1999,hkg,493
1999,hun,0
1999,ind,13870008
1999,irl,290
1999,jpn,27338
1999,kna,1180
1999,kor,514
1999,lca,200
1999,ltu,0
1999,lva,0
1999,mex,4000
1999,mrt,177
1999,mtq,600
1999,mus,1000
1999,ncl,0
1999,nga,0
1999,pak,536351
1999,phl,1387290
1999,pol,0
1999,pri,0
1999,rus,0
1999,sen,95853
1999,sle,3
1999,spi,0
1999,swe,0
1999,tjk,1500
1999,ury,1000
1999,usa,3058870
1999,vct,100
1999,vir,0
1999,vnm,0
1999,vut,0
1999,zaf,18780
2000,arg,430
2000,aus,1350
2000,aut,0
2000,bgd,146599
2000,blz,62570
2000,can,840
2000,chn,2526889
2000,fra,207
2000,gbr,20104
2000,ind,30000
2000,irl,2800
2000,irn,5500
2000,isr,410
2000,jor,200
2000,jpn,193041
2000,kor,711
2000,lka,375000
2000,mda,2600000
2000,mdg,1106209
2000,mex,30300
2000,mng,1071000
2000,moz,1404
2000,mys,500
2000,nga,1000
2000,nic,2510
2000,nzl,0
2000,phl,6187431
2000,prk,627180
2000,prt,183
2000,reu,600
2000,rou,300
2000,rus,0
2000,slv,100
2000,tha,41219
2000,twn,2102
2000,uga,10000
2000,ukr,48110
2000,ury,100
2000,usa,23154
2000,vnm,14534
2000,zaf,300
2001,arg,2650
2001,aus,207
2001,bgd,28750
2001,bgr,0
2001,bhs,0
2001,blz,20000
2001,bra,3400
2001,caf,3000
2001,can,30
2001,chl,2400
2001,chn,21165838
2001,cok,744
2001,col,7700
2001,cub,5900012
2001,cym,0
2001,deu,0
2001,dom,175
2001,esp,0
2001,fra,420
2001,geo,900
2001,gtm,6446
2001,hnd,86321
2001,hti,0
2001,ind,27000
2001,ita,0
2001,jam,200
2001,jpn,9888
2001,kor,300
2001,lso,2001
2001,mex,6400
2001,mng,175000
2001,nic,24866
2001,pak,500
2001,phl,3450437
2001,rus,12428
2001,shn,300
2001,syr,172
2001,tha,150
2001,tjk,830
2001,ton,16500
2001,twn,652333
2001,usa,181053
2001,vnm,200639
2001,vut,800
2001,yem,0
2001,zaf,640
2002,alb,125000
2002,arg,5000
2002,aus,129
2002,aut,300
2002,bel,0
2002,bgd,101400
2002,bol,12085
2002,brb,2000
2002,che,2
2002,chn,107403094
2002,cub,323970
2002,cym,300
2002,cze,0
2002,deu,19
2002,dnk,0
2002,fra,253
2002,fsm,1623
2002,gbr,0
2002,grc,12
2002,grd,75
2002,gtm,1500
2002,gum,15144
2002,hti,250
2002,ind,15250
2002,jam,1500
2002,jpn,100825
2002,kor,88625
2002,lbn,500
2002,mdg,528100
2002,mex,509530
2002,mng,665000
2002,mnp,300
2002,moz,4017
2002,mus,1050
2002,mys,155
2002,ner,1253
2002,nic,300
2002,nld,0
2002,pak,12
2002,per,86682
2002,phl,982194
2002,pol,0
2002,prk,7401
2002,pry,12500
2002,reu,3100
2002,rus,0
2002,sdn,0
2002,slb,1110
2002,slv,500
2002,swe,0
2002,syc,6800
2002,tha,30204
2002,tur,0
2002,twn,0
2002,uga,100
2002,ury,1500
2002,usa,18899
2002,vct,0
2002,vnm,1800
2002,zaf,101216
2003,arg,900
2003,aus,2070
2003,bgd,400
2003,bmu,0
2003,can,200
2003,che,7
2003,chn,9480207
2003,cod,22573
2003,com,300
2003,cyp,30
2003,deu,0
2003,dom,10000
2003,dza,0
2003,fji,30000
2003,fra,70
2003,fsm,1000
2003,gmb,8019
2003,hkg,3533
2003,hti,155
2003,ind,531314
2003,jpn,2403
2003,kor,80000
2003,mdg,162750
2003,mex,9000
2003,moz,23010
2003,ncl,1100
2003,nzl,0
2003,omn,0
2003,pak,2557
2003,phl,466261
2003,pri,100
2003,rus,0
2003,slb,425
2003,tha,5000
2003,twn,0
2003,usa,243647
2003,vnm,5018
2003,zaf,600
2003,zwe,0
2004,asm,23060
2004,aus,645
2004,bdi,15500
2004,bgd,18200
2004,bhs,9000
2004,bra,150060
2004,brb,880
2004,can,0
2004,chn,9791865
2004,cub,247250
2004,cym,0
2004,cyp,10
2004,deu,0
2004,dom,14259
2004,egy,42
2004,fji,5000
2004,fra,0
2004,fsm,6008
2004,gmb,6137
2004,grc,0
2004,grd,60000
2004,gum,300
2004,hti,322094
2004,idn,3715
2004,irl,200
2004,irn,2500
2004,ita,200
2004,jam,350126
2004,jpn,331039
2004,kor,2922
2004,lca,0
2004,mdg,1032429
2004,mmr,25000
2004,mnp,200
2004,mys,41000
2004,nic,200
2004,niu,702
2004,phl,3241278
2004,pri,3500
2004,rou,2400
2004,rus,6062
2004,sen,1000
2004,svk,10324
2004,syr,180
2004,tca,200
2004,tha,9050
2004,ton,0
2004,tto,560
2004,tur,1636
2004,twn,8873
2004,usa,5079710
2004,vct,1004
2004,ven,1730
2004,vir,0
2004,vnm,500905
2004,vut,54008
2004,wsm,0
2005,afg,22656
2005,alb,400000
2005,arg,252
2005,asm,0
2005,aus,1200
2005,bgd,35606
2005,bgr,0
2005,bhs,1500
2005,bih,0
2005,blz,0
2005,bra,344
2005,can,300
2005,chl,112
2005,chn,40782831
2005,cod,5389
2005,cok,608
2005,col,3074
2005,cri,1074
2005,cub,2600000
2005,cze,3
2005,deu,2
2005,dnk,560
2005,dom,1000
2005,dza,5
2005,est,5730
2005,gbr,3000
2005,gtm,475314
2005,hnd,103869
2005,hrv,0
2005,hti,27978
2005,hun,0
2005,ind,68590
2005,irl,0
2005,irn,8000
2005,jam,10396
2005,jpn,273044
2005,kor,1100
2005,ltu,0
2005,lva,400
2005,mar,0
2005,mdg,7985
2005,mex,2969571
2005,mkd,3
2005,mwi,8
2005,nic,13643
2005,nld,1
2005,nor,0
2005,nzl,100
2005,pak,0
2005,phl,20011
2005,pol,0
2005,rou,0
2005,rus,2
2005,scg,8750
2005,slv,72141
2005,spi,0
2005,swe,0
2005,swz,1150
2005,tha,3500
2005,tkl,26
2005,tto,0
2005,tur,0
2005,twn,1639
2005,ury,12
2005,usa,830305
2005,vct,530
2005,vnm,367660
2005,wsm,0
2006,afg,0
2006,aus,9030
2006,bdi,1505
2006,bgd,18149
2006,che,0
2006,chn,55337820
2006,cod,75066
2006,cub,268
2006,deu,300
2006,fji,168
2006,fra,602
2006,grc,600
2006,hti,15000
2006,hun,300
2006,ind,150300
2006,ita,0
2006,jpn,12901
2006,kgz,9075
2006,mdg,6516
2006,mex,270700
2006,mmr,60106
2006,phl,7821808
2006,swz,6535
2006,tls,8730
2006,twn,800
2006,usa,5663
2006,vnm,3297290
2007,aus,820
2007,aut,0
2007,bel,2
2007,bgd,8978766
2007,bhs,7000
2007,blr,0
2007,blz,20000
2007,can,0
2007,che,0
2007,chn,9005154
2007,cub,192488
2007,cze,0
2007,deu,130
2007,dma,7530
2007,dnk,0
2007,dom,142933
2007,esp,0
2007,fji,69
2007,fra,1200
2007,gbr,0
2007,glp,0
2007,gtm,3905
2007,hnd,19500
2007,hti,115081
2007,ind,0
2007,irn,185009
2007,jam,33188
2007,jpn,40994
2007,kor,602
2007,lbr,3500
2007,lca,0
2007,mdg,222511
2007,mex,203000
2007,moz,162770
2007,mtq,6
2007,mus,0
2007,nic,188726
2007,nld,0
2007,nzl,300
2007,omn,20000
2007,pak,1650000
2007,phl,1909794
2007,png,162140
2007,pol,0
2007,pri,0
2007,prk,1649
2007,reu,90
2007,rus,0
2007,slv,2800
2007,svn,17300
2007,tcd,145
2007,twn,2879
2007,ukr,7552
2007,usa,8317
2007,vnm,685430
2007,zwe,0
2008,atg,25800
2008,aus,12000
2008,aut,0
2008,bel,0
2008,bgd,400
2008,bhs,3000
2008,blz,10000
2008,bol,6655
2008,bra,1600
2008,chn,1649106
2008,cod,8
2008,cri,55000
2008,cub,499464
2008,cym,0
2008,cze,0
2008,deu,0
2008,dom,17002
2008,fji,0
2008,fra,2706
2008,gmb,300
2008,gtm,0
2008,hkg,207
2008,hnd,0
2008,hti,246276
2008,ind,50
2008,irn,0
2008,jam,4000
2008,kna,0
2008,lka,50000
2008,lso,4500
2008,mdg,533166
2008,mex,500000
2008,mmr,2420000
2008,mng,0
2008,moz,220013
2008,nic,25000
2008,nld,0
2008,nor,100
2008,phl,6851979
2008,pol,1060
2008,pry,47655
2008,rou,90
2008,tca,1500
2008,tha,1000
2008,twn,88
2008,tza,677
2008,usa,2301147
2008,vnm,156649
2008,zaf,3576
2009,arg,24
2009,aus,15400
2009,aut,0
2009,ben,800
2009,bgd,3954550
2009,bra,2364
2009,btn,0
2009,bwa,400
2009,caf,12972
2009,can,3
2009,che,0
2009,chn,23296806
2009,cze,12
2009,deu,0
2009,esp,1793
2009,fji,3845
2009,fra,0
2009,gab,800
2009,gbr,180
2009,gmb,2350
2009,hkg,350
2009,ind,5109085
2009,ita,0
2009,jpn,7119
2009,khm,178091
2009,lao,128887
2009,mdg,130799
2009,mex,112000
2009,moz,7103
2009,nic,19897
2009,phl,12221663
2009,pol,82
2009,pry,700
2009,slv,90000
2009,twn,2307523
2009,tza,605
2009,usa,908
2009,vnm,2977460
2009,zaf,0
2010,atg,5000
2010,aus,0
2010,bdi,1500
2010,bel,0
2010,bgd,257160
2010,blz,0
2010,brb,2500
2010,che,0
2010,chn,3137290
2010,cok,2202
2010,deu,0
2010,dnk,0
2010,dom,12000
2010,egy,40
2010,esp,0
2010,fji,39101
2010,fra,500079
2010,gab,3530
2010,gbr,0
2010,gtm,400142
2010,hkg,15000
2010,hnd,24675
2010,hti,78142
2010,ind,507080
2010,ita,30805
2010,jam,2506
2010,kor,41500
2010,lca,181000
2010,lux,0
2010,mdg,192132
2010,mex,555075
2010,mmr,260049
2010,nic,0
2010,nld,0
2010,omn,0
2010,pak,4000
2010,phl,2595545
2010,prk,40000
2010,prt,0
2010,pyf,3411
2010,slb,795
2010,slv,11753
2010,twn,100
2010,usa,10941
2010,vct,6100
2010,ven,0
2010,vnm,34600
2010,zaf,6000
2011,afg,5
2011,aus,7300
2011,bdi,50
2011,bel,71
2011,bgd,121
2011,bhs,10000
2011,caf,1831
2011,can,0
2011,che,3
2011,chn,26649950
2011,dma,240
2011,dom,44000
2011,fra,0
2011,gtm,0
2011,hti,3044
2011,ind,250050
2011,jpn,1663
2011,lka,35041
2011,mdg,115215
2011,mex,550450
2011,moz,0
2011,mtq,0
2011,nga,12
2011,nor,500
2011,omn,200
2011,per,0
2011,phl,9468676
2011,png,0
2011,pri,2271
2011,prk,6499
2011,pry,2000
2011,rus,14
2011,sdn,30
2011,slb,0
2011,tha,1000000
2011,ton,7600
2011,uga,47
2011,usa,389193
2011,vnm,63
2011,vut,32000
2011,zaf,6323
2012,arg,9530
2012,bgd,184679
2012,bhs,0
2012,caf,3893
2012,can,0
2012,chn,10541177
2012,cub,208101
2012,dom,42515
2012,fji,8400
2012,geo,6018
2012,hti,209857
2012,idn,10550
2012,ind,70000
2012,jam,215850
2012,jpn,54153
2012,kor,3120
2012,lka,69000
2012,mdg,335599
2012,mex,87000
2012,moz,110000
2012,mwi,6000
2012,nga,15000
2012,nzl,457
2012,phl,7560480
2012,plw,1250
2012,pol,310
2012,pri,0
2012,prk,44461
2012,pry,25100
2012,twn,0
2012,usa,90404
2012,vnm,338972
2012,wlf,1252
2012,wsm,12703
2012,zaf,1350
2013,arg,12
2013,arm,64000
2013,aus,7500
2013,bel,0
2013,bgd,1532207
2013,bra,13864
2013,caf,8744
2013,can,0
2013,che,84
2013,chn,11345574
2013,deu,2
2013,dnk,0
2013,esp,0
2013,fra,0
2013,gbr,4200
2013,geo,1750
2013,hun,14000
2013,ind,13230004
2013,isr,2003000
2013,jpn,64957
2013,lka,7339
2013,mdg,44879
2013,mex,172000
2013,nld,0
2013,nzl,0
2013,phl,17944571
2013,plw,0
2013,pol,53
2013,prt,3967
2013,pry,50000
2013,pse,50071
2013,som,142380
2013,swe,0
2013,syc,3000
2013,twn,54
2013,usa,177474
2013,vnm,1963444
2013,zaf,2870
2014,afg,0
2014,aus,52539
2014,bel,0
2014,bgd,5262
2014,bgr,40
2014,che,0
2014,chn,11209694
2014,col,18
2014,com,9511
2014,deu,1
2014,esp,0
2014,fra,0
2014,gbr,18000
2014,gtm,100000
2014,ind,931564
2014,irl,0
2014,ita,0
2014,jpn,41282
2014,kgz,0
2014,kor,101
2014,lso,2600
2014,mar,117000
2014,mdg,1736
2014,mex,144135
2014,npl,175
2014,pak,82
2014,phl,13068983
2014,png,12346
2014,prt,54
2014,reu,265
2014,tha,2000
2014,ton,4014
2014,twn,0
2014,usa,1215
2014,vnm,48075
2014,vut,20006
2015,arg,4500
2015,aus,8038
2015,bgd,2660250
2015,bhs,6710
2015,bra,11037
2015,caf,1116
2015,chl,938
2015,chn,2189485
2015,cpv,0
2015,dma,28594
2015,dom,2133
2015,egy,135
2015,fra,750
2015,fsm,35000
2015,gbr,15600
2015,hti,1969
2015,ind,135100
2015,irl,0
2015,isr,200
2015,ita,0
2015,jpn,61033
2015,khm,6300
2015,kir,1500
2015,lbn,1001692
2015,mdg,210887
2015,mex,18791
2015,mmr,0
2015,mnp,360
2015,mwi,350
2015,omn,6000
2015,phl,3606205
2015,png,9199
2015,pol,1217
2015,pry,10025
2015,pse,31050
2015,slb,44496
2015,slv,20000
2015,som,4000
2015,syr,3500
2015,tha,1440
2015,tuv,4613
2015,twn,762
2015,tza,5112
2015,usa,4576
2015,vnm,115
2015,vut,188000
2015,yem,125065
2015,zwe,475
2016,aus,0
2016,bel,0
2016,bgd,1203555
2016,bhs,0
2016,blz,10355
2016,chn,604695
2016,cri,50000
2016,cub,190000
2016,dom,48
2016,egy,32572
2016,fji,545558
2016,gtm,55
2016,hnd,151
2016,hti,2100439
2016,ind,0
2016,irn,2000
2016,jam,125000
2016,jpn,9703
2016,kor,1500
2016,lca,25000
2016,mex,21500
2016,mmr,99956
2016,moz,1700
2016,nga,1000
2016,nic,10570
2016,nld,0
2016,pak,191
2016,pan,12000
2016,phl,2971512
2016,sau,122
2016,ton,392
2016,twn,460
2016,usa,85019468
2016,vct,0
2016,vnm,995340
2016,zwe,2000
2017,afg,9055
2017,aia,15000
2017,atg,1800
2017,aus,51000
2017,aut,330
2017,bgd,3300012
2017,bhs,0
2017,blm,0
2017,brb,0
2017,caf,3690
2017,chn,307206
2017,col,0
2017,cri,11500
2017,cub,10000000
2017,cze,600
2017,deu,24
2017,dma,71393
2017,dom,42587
2017,fra,11
2017,gha,12
2017,glp,80002
2017,gtm,3175
2017,hkg,156
2017,hnd,120
2017,hrv,8000
2017,hti,40092
2017,hun,1298
2017,idn,2035
2017,ind,123252
2017,ita,1000
2017,jam,5000
2017,jpn,41855
2017,kna,500
2017,lao,0
2017,lka,160077
2017,mac,200
2017,maf,110
2017,mdg,434253
2017,mex,3010
2017,mmr,107520
2017,moz,750102
2017,mrt,2040
2017,mtq,2
2017,mys,426
2017,nic,39200
2017,nzl,183
2017,pak,113
2017,pan,12000
2017,phl,2969448
2017,pol,5844
2017,pri,750000
2017,rou,137
2017,rus,201
2017,rwa,6553
2017,slv,584
2017,svk,0
2017,sxm,5040
2017,tca,0
2017,tha,28560
2017,tur,270
2017,twn,131
2017,usa,854401
2017,vgb,0
2017,vir,0
2017,vnm,5043013
2017,vut,2564
2017,zaf,7436
2017,zwe,113023
2018,arg,1200
2018,arm,9900
2018,bel,0
2018,bgd,0
2018,can,930
2018,che,16
2018,chn,4609700
2018,cub,40540
2018,deu,12
2018,dji,25000
2018,dom,8000
2018,esp,0
2018,fji,179200
2018,fra,30
2018,gbr,784
2018,gnb,11541
2018,hkg,300
2018,ind,853650
2018,irl,0
2018,ita,2200
2018,jpn,26300
2018,lao,735145
2018,lbn,0
2018,mdg,212190
2018,mex,10000
2018,mng,0
2018,mnp,0
2018,mus,30000
2018,nld,0
2018,omn,0
2018,phl,9348889
2018,pri,0
2018,prk,58143
2018,prt,88
2018,reu,200
2018,slb,1000
2018,som,228000
2018,ton,87000
2018,twn,6140
2018,ukr,600
2018,usa,1505093
2018,vnm,156028
2018,wsm,0
2018,yem,15874
2019,arm,11700
2019,aut,0
2019,bgd,261551
2019,bhs,14940
2019,can,0
2019,che,0
2019,chn,153120
2019,com,345311
2019,cub,10111
2019,deu,0
2019,esp,320
2019,fji,7780
2019,fra,1386
2019,fsm,10000
2019,gmb,15101
2019,grc,123
2019,gtm,78453
2019,hun,150000
2019,ind,20130000
2019,ita,542
2019,jpn,512641
2019,kor,84852
2019,lbn,11009
2019,lux,1519
2019,mdg,21393
2019,mex,1200
2019,mhl,0
2019,mng,500
2019,moz,1901594
2019,npl,14854
2019,pak,135
2019,phl,6025139
2019,pol,157
2019,prk,5300000
2019,prt,51
2019,som,30000
2019,svk,0
2019,tha,720885
2019,twn,0
2019,tza,2000000
2019,usa,1486
2019,vnm,22164
2019,zaf,20
2019,zwe,270186
2020,afg,7481
2020,arg,250
2020,arm,2836
2020,aus,0
2020,bdi,5000
2020,bel,0
2020,bgd,2600000
2020,blz,60000
2020,bra,1119
2020,can,60000
2020,che,13
2020,chn,627335
2020,col,277800
2020,cri,25000
2020,cub,4333
2020,cze,5
2020,deu,33
2020,dom,15595
2020,esp,2000
2020,fji,205115
2020,fra,14761
2020,gbr,6400
2020,grc,480
2020,gtm,2854072
2020,hnd,5145784
2020,hti,44175
2020,ind,18007500
2020,irl,0
2020,ita,10922
2020,jpn,60
2020,khm,759360
2020,kor,3407
2020,lao,70764
2020,lka,1100
2020,mdg,3200
2020,mex,4106
2020,mng,22000
2020,nic,930000
2020,pak,1000104
2020,pan,5000
2020,phl,5374740
2020,pol,6
2020,pri,0
2020,slb,150000
2020,slv,149840
2020,som,120000
2020,svn,0
2020,swe,0
2020,tha,325425
2020,ton,25000
2020,tur,300
2020,tuv,5500
2020,twn,1
2020,uga,8700
2020,ury,360
2020,usa,28431
2020,vnm,2195449
2020,vut,130120
2020,zaf,210
2021,aus,8625
2021,bel,0
2021,bgd,1300000
2021,brb,3300
2021,can,302
2021,che,5
2021,chl,521
2021,chn,172034
2021,cub,0
2021,cze,3815
2021,deu,604
2021,dom,4178
2021,esp,0
2021,fji,82751
2021,fra,255
2021,gbr,0
2021,gmb,16949
2021,hkg,175
2021,hti,3
2021,idn,509625
2021,ind,2506203
2021,irl,0
2021,irn,2722
2021,jpn,394
2021,khm,501
2021,kor,600
2021,lao,26000
2021,lca,0
2021,lka,879
2021,lso,2550
2021,mdg,1000
2021,mdv,1320
2021,mex,2874
2021,mng,8124
2021,moz,481901
2021,mwi,55551
2021,ncl,0
2021,nld,4
2021,nzl,750
2021,omn,90
2021,pak,28
2021,phl,12417263
2021,plw,7288
2021,pol,2015
2021,sdn,16000
2021,swz,0
2021,tha,900
2021,tls,143670
2021,twn,0
2021,tza,30001
2021,ukr,1700
2021,usa,15236
2021,vct,129
2021,vnm,84560
2021,zaf,12037
2021,zwe,2400
2022,aut,13
2022,bel,0
2022,bgd,1000000
2022,blz,172150
2022,can,4000
2022,chn,0
2022,col,5002
2022,cri,300000
2022,cub,3206780
2022,cze,3
2022,deu,2
2022,dnk,3
2022,dom,1434802
2022,fji,69564
2022,fra,60378
2022,gbr,0
2022,glp,0
2022,gtm,457311
2022,hnd,144000
2022,ind,95000
2022,irl,0
2022,irq,5000
2022,ita,65
2022,jpn,15185
2022,khm,0
2022,kor,36003
2022,lka,28838
2022,mdg,428270
2022,mex,16000
2022,moz,945492
2022,mus,139
2022,mwi,945934
2022,nga,1500
2022,nic,50112
2022,nld,0
2022,nor,0
2022,npl,544
2022,nzl,690
2022,pak,0
2022,phl,6654242
2022,pol,1512
2022,pri,0
2022,reu,13
2022,rus,300
2022,slv,9373
2022,swz,1058
2022,syr,362700
2022,tha,1052
2022,twn,100
2022,usa,3445
2022,ven,30000
2022,vnm,491890
2022,zwe,3000
2023,arg,14020
2023,arm,18000
2023,aus,2400
2023,bel,0
2023,bgd,2250012
2023,bgr,36
2023,bih,20
2023,bra,343274
2023,brb,179
2023,caf,6066
2023,che,15040
2023,chn,880908
2023,cub,0
2023,deu,0
2023,dom,289083
2023,esp,0
2023,fji,230000
2023,fra,517066
2023,gab,3000
2023,gbr,0
2023,grc,250
2023,gum,100000
2023,hkg,86
2023,hnd,46658
2023,hrv,6100
2023,idn,990
2023,ind,4402113
2023,irn,3467
2023,irq,0
2023,ita,1310
2023,jpn,4342
2023,khm,14100
2023,kor,0
2023,lby,1600000
2023,lka,44344
2023,lso,968
2023,mda,10
2023,mdg,389870
2023,mex,988000
2023,mmr,1201412
2023,mng,669367
2023,moz,1231389
2023,mus,2500
2023,mwi,2269644
2023,nld,0
2023,nzl,10803
2023,pak,0
2023,per,45000
2023,phl,6878482
2023,reu,25000
2023,rou,0
2023,rus,13276
2023,slb,22319
2023,sle,17
2023,slv,500
2023,srb,20
2023,svk,0
2023,svn,3003
2023,tha,22200
2023,tur,554
2023,twn,258
2023,ukr,23
2023,ury,0
2023,usa,17385
2023,vct,150
2023,vnm,80003
2023,vut,593702
2023,yem,150
2023,zaf,1367
2023,zwe,0
2024,arg,400006
2024,aus,4402
2024,aut,2220
2024,bdi,655
2024,bgd,4590013
2024,blz,162
2024,bra,29655
2024,brb,2500
2024,bwa,105000
2024,can,20
2024,che,0
2024,chl,26820
2024,chn,9634
2024,cod,527
2024,col,262059
2024,com,64155
2024,cri,3418
2024,cub,4590000
2024,cze,250000
2024,dom,0
2024,esp,0
2024,fra,27
2024,gbr,750
2024,grd,7008
2024,gtm,64640
2024,hnd,129216
2024,hti,0
2024,ind,6019662
2024,irl,0
2024,ita,1003
2024,jam,160060
2024,jpn,7579
2024,kor,0
2024,lao,51440
2024,lka,597153
2024,mdg,251144
2024,mex,27050
2024,mhl,19532
2024,mmr,1000048
2024,moz,548164
2024,mus,100000
2024,mwi,45191
2024,myt,231373
2024,nga,507
2024,nic,0
2024,nld,0
2024,nzl,1200
2024,pak,17903
2024,pan,3895
2024,per,149
2024,phl,24372752
2024,pol,57000
2024,reu,700
2024,rou,15000
2024,slv,9050
2024,spi,0
2024,svk,0
2024,tha,6218
2024,twn,2092
2024,tza,7775
2024,uga,34
2024,usa,3733
2024,vct,15000
2024,ven,29000
2024,vnm,3758106
2024,zaf,21708
2025,arg,0
2025,arm,20000
2025,aus,50000
2025,bgd,4
2025,bol,80000
2025,bra,130
2025,chl,0
2025,chn,507
2025,col,20000
2025,ecu,346961
2025,esp,0
2025,eth,38624
2025,fra,1902
2025,geo,28870
2025,gtm,4726
2025,hkg,26
2025,hnd,180
2025,ind,39204
2025,irn,1544
2025,irq,2751
2025,ita,0
2025,mac,5
2025,mdg,72283
2025,mex,150
2025,mmr,131000
2025,moz,668473
2025,mwi,20652
2025,npl,687
2025,pak,171
2025,phl,6251470
2025,reu,606
2025,spi,0
2025,tha,17118
2025,twn,330
2025,ury,3000
2025,usa,20253
2025,ven,24095
2025,vnm,55988
