time,geo,storm_deaths_annual_number
1900,usa,6000
1902,mmr,600
1903,jam,65
1903,usa,98
1904,bgd,0
1905,phl,240
1906,hkg,10000
1906,usa,298
1909,bgd,172
1909,hti,150
1909,usa,391
1910,usa,30
1911,bgd,0
1911,twn,1000
1912,can,28
1912,chn,50000
1912,jam,142
1912,jpn,1000
1912,phl,0
1913,usa,732
1914,tkl,0
1915,hti,1600
1915,usa,525
1916,ind,300
1917,jam,57
1917,jpn,4000
1918,usa,34
1919,bgd,0
1919,usa,500
1920,usa,224
1922,bgd,0
1922,chn,100000
1923,bgd,6
1923,hkg,100
1923,jam,4
1923,jpn,3000
1923,mmr,6
1923,sun,23
1924,ind,1242
1924,twn,1000
1925,ind,80
1925,tkl,0
1925,usa,739
1926,bgd,0
1926,bhs,0
1926,cub,600
1926,mmr,2700
1926,pak,0
1926,usa,268
1927,chn,5000
1927,ind,685
1927,usa,87
1928,glp,2000
1928,kna,0
1928,msr,0
1928,pol,82
1928,pri,300
1928,rou,6
1928,usa,1836
1929,bhs,0
1929,dfr,0
1930,bel,60
1930,dom,2000
1930,grc,22
1931,blz,1500
1931,fji,200
1931,hnd,1500
1931,phl,0
1932,cub,2500
1932,phl,147
1932,pri,225
1932,usa,372
1933,jam,10
1933,tto,13
1933,usa,40
1934,jpn,3006
1934,phl,85
1934,slv,2000
1935,bhs,14
1935,cub,35
1935,hti,2150
1935,ind,60100
1935,jam,0
1935,usa,408
1936,ind,233
1936,kor,1104
1936,mmr,1000
1936,phl,517
1936,usa,455
1937,bgd,0
1937,hkg,11000
1937,phl,231
1938,phl,305
1938,usa,600
1939,ncl,3
1939,pak,0
1940,phl,73
1940,usa,50
1940,vut,0
1941,bgd,5000
1941,esp,20
1941,fji,6
1941,prt,120
1942,bgd,61000
1942,cok,0
1942,ind,40000
1943,cok,0
1943,ind,5000
1944,cub,0
1944,ind,304
1944,jam,32
1944,pak,0
1944,usa,390
1945,bhs,22
1945,ind,0
1945,jpn,4197
1945,usa,196
1946,azo,27
1946,can,17
1946,cok,0
1946,phl,260
1946,usa,33
1947,bgd,500
1947,hkg,2000
1947,jpn,1930
1947,usa,308
1948,bmu,0
1948,chn,1800
1948,cub,14
1948,ita,51
1948,jpn,868
1948,ncl,2
1948,reu,165
1948,usa,42
1949,bra,100
1949,ind,1000
1949,jpn,617
1949,phl,1000
1949,usa,87
1950,atg,2
1950,can,0
1950,ind,90
1950,jpn,509
1950,usa,272
1951,bgd,200
1951,com,500
1951,jam,154
1951,jpn,943
1951,mex,50
1951,ncl,2
1951,phl,812
1951,twn,100
1951,vut,100
1952,fji,23
1952,ind,750
1952,jpn,176
1952,phl,1014
1952,usa,279
1952,zaf,35
1953,dfr,0
1953,jpn,279
1953,twn,67
1953,usa,468
1953,vnm,1000
1954,ant,0
1954,can,83
1954,hti,410
1954,jpn,2253
1954,usa,223
1955,aia,0
1955,blz,16
1955,brb,57
1955,ind,2120
1955,jpn,270
1955,kna,0
1955,mex,800
1955,ncl,1
1955,phl,144
1955,usa,365
1955,vct,122
1956,chn,2000
1956,glp,0
1956,idn,300
1956,ind,0
1956,jpn,90
1956,moz,107
1956,phl,129
1956,slb,200
1956,usa,232
1956,vnm,56
1957,hkg,8
1957,jpn,109
1957,kor,238
1957,lka,200
1957,phl,89
1957,spi,26
1957,usa,469
1958,bgd,500
1958,fji,0
1958,ind,0
1958,jpn,1950
1958,pyf,0
1958,twn,31
1958,usa,139
1959,bra,59
1959,can,6
1959,chn,1784
1959,hkg,43
1959,jpn,5264
1959,kor,432
1959,mex,960
1959,ncl,1
1959,niu,0
1959,phl,29
1959,twn,1046
1959,usa,71
1959,vut,0
1960,aia,5
1960,ant,0
1960,atg,2
1960,bgd,8149
1960,hkg,45
1960,jpn,41
1960,lca,0
1960,mtq,0
1960,mus,42
1960,niu,0
1960,phl,631
1960,pri,0
1960,twn,199
1960,usa,50
1961,bgd,11266
1961,blz,275
1961,grc,33
1961,hkg,7
1961,hnd,275
1961,jpn,296
1961,mex,436
1961,ton,2
1961,twn,106
1961,usa,146
1962,can,33
1962,dfr,347
1962,gum,6
1962,hkg,183
1962,ind,0
1962,per,60
1962,phl,197
1962,tha,769
1962,twn,107
1962,usa,158
1963,bgd,22079
1963,bhs,0
1963,cub,1750
1963,dma,0
1963,dom,400
1963,grd,6
1963,hti,5000
1963,ind,312
1963,jam,11
1963,jpn,133
1963,lca,10
1963,mmr,0
1963,mtq,10
1963,phl,1
1963,tto,24
1963,usa,229
1964,bgd,300
1964,chn,686
1964,cub,0
1964,dom,7
1964,glp,14
1964,hkg,70
1964,hti,100
1964,ind,500
1964,jpn,42
1964,kor,210
1964,lka,206
1964,pak,450
1964,pan,1
1964,phl,636
1964,tur,0
1964,usa,183
1964,vnm,7000
1964,wsm,250
1965,bgd,48921
1965,bhs,0
1965,chl,58
1965,fji,2
1965,hkg,5
1965,ita,37
1965,jpn,147
1965,mmr,100
1965,pak,10000
1965,phl,37
1965,twn,55
1965,usa,570
1965,wlf,0
1966,asm,90
1966,atg,0
1966,bgd,850
1966,bhs,5
1966,bra,36
1966,can,0
1966,cub,5
1966,dom,74
1966,glp,25
1966,hkg,15
1966,hti,480
1966,ind,18
1966,jpn,358
1966,mex,14
1966,phl,18
1966,slb,3
1966,tgo,0
1966,tkl,0
1966,twn,36
1966,usa,290
1966,wlf,0
1966,wsm,10
1967,bel,0
1967,bgd,91
1967,cok,0
1967,fra,5
1967,hkg,0
1967,ind,1000
1967,jpn,290
1967,lca,0
1967,mex,111
1967,mmr,278
1967,mtq,15
1967,mus,0
1967,phl,107
1967,slb,12
1967,twn,69
1967,usa,275
1967,vct,2
1968,bgd,118
1968,chl,0
1968,col,0
1968,cub,0
1968,dfr,2
1968,gbr,20
1968,hkg,0
1968,ind,7
1968,jpn,124
1968,kor,18
1968,mdg,29
1968,mmr,1070
1968,mys,21
1968,ncl,0
1968,niu,0
1968,nzl,50
1968,phl,50
1968,slb,1
1968,usa,159
1968,wsm,0
1969,bgd,849
1969,cyp,3
1969,fra,23
1969,gtm,269
1969,hkg,0
1969,hnd,0
1969,ind,815
1969,jpn,72
1969,kor,85
1969,mdg,81
1969,mex,58
1969,ncl,0
1969,phl,11
1969,slv,2
1969,twn,269
1969,usa,715
1970,aus,13
1970,bgd,300317
1970,can,10
1970,chn,107
1970,cub,20
1970,dma,0
1970,glp,0
1970,ind,0
1970,ita,35
1970,kor,39
1970,mdg,70
1970,mtq,45
1970,phl,3802
1970,usa,37
1971,aus,3
1971,bgd,163
1971,can,0
1971,chl,0
1971,esp,0
1971,hkg,115
1971,hnd,0
1971,ind,9718
1971,jpn,135
1971,kor,109
1971,mex,17
1971,nic,35
1971,phl,246
1971,usa,158
1971,vnm,112
1972,bel,0
1972,bgd,200
1972,dfr,54
1972,fji,3
1972,gbr,0
1972,ind,230
1972,irn,60
1972,jpn,50
1972,kir,3
1972,mdg,91
1972,mus,2
1972,ncl,3
1972,nld,0
1972,phl,435
1972,png,0
1972,tur,30
1972,tuv,6
1972,usa,256
1972,vut,4
1973,arg,60
1973,bgd,1900
1973,esp,19
1973,fji,59
1973,hkg,1
1973,idn,1650
1973,ita,38
1973,jam,6
1973,jpn,101
1973,phl,346
1973,prt,11
1973,ton,3
1973,usa,50
1973,vnm,100
1974,arg,100
1974,aus,76
1974,bgd,2800
1974,blz,0
1974,dfr,0
1974,hkg,1
1974,hnd,8000
1974,idn,10
1974,ind,20
1974,jpn,284
1974,mex,13
1974,phl,203
1974,tto,2
1974,usa,352
1975,arg,20
1975,can,14
1975,fji,0
1975,hkg,0
1975,ind,501
1975,irn,14
1975,jpn,68
1975,mdg,7
1975,mex,29
1975,mmr,200
1975,mus,9
1975,ncl,0
1975,phl,39
1975,pri,26
1975,sle,1
1975,usa,102
1975,vut,0
1975,zwe,11
1976,aus,0
1976,aut,0
1976,bel,0
1976,bgd,47
1976,che,0
1976,dfr,82
1976,dnk,0
1976,fra,0
1976,gbr,24
1976,gum,9
1976,hkg,38
1976,idn,25
1976,ind,270
1976,jpn,169
1976,mdg,16
1976,mex,720
1976,ncl,0
1976,nld,0
1976,phl,387
1976,swe,0
1977,bgd,634
1977,bra,10
1977,can,0
1977,chl,15
1977,hkg,1
1977,idn,1
1977,ind,14206
1977,jpn,32
1977,mdg,10
1977,mex,10
1977,moz,3
1977,omn,107
1977,phl,104
1977,tcd,13
1977,ton,0
1977,twn,61
1977,usa,91
1977,vnm,0
1977,vut,0
1978,arg,5
1978,aus,5
1978,bgd,1030
1978,blz,5
1978,cub,6
1978,fji,0
1978,hkg,11
1978,hnd,0
1978,ind,811
1978,ita,1
1978,jpn,6
1978,kor,0
1978,lka,740
1978,mdg,70
1978,mmr,0
1978,moz,4
1978,nga,100
1978,phl,617
1978,tha,50
1978,usa,215
1979,aia,0
1979,aus,15
1979,bgd,53
1979,dma,40
1979,dom,1400
1979,egy,3
1979,fji,53
1979,glp,0
1979,hkg,13
1979,hti,8
1979,ind,594
1979,jpn,71
1979,kor,115
1979,mtq,0
1979,mus,5
1979,phl,62
1979,pri,3
1979,slb,2
1979,usa,186
1979,vut,0
1980,bgd,11
1980,bra,15
1980,brb,0
1980,chn,188
1980,cub,3
1980,dma,0
1980,dnk,0
1980,dom,7
1980,fji,18
1980,grd,0
1980,hkg,2
1980,hti,220
1980,idn,0
1980,ind,153
1980,jam,6
1980,jpn,7
1980,kor,165
1980,lca,9
1980,mtq,0
1980,pak,18
1980,phl,212
1980,reu,25
1980,usa,12
1980,vct,0
1980,vnm,308
1981,aut,0
1981,bgd,1085
1981,bgr,0
1981,caf,0
1981,can,0
1981,chn,0
1981,cok,0
1981,dnk,9
1981,fji,0
1981,gbr,12
1981,ind,805
1981,irn,200
1981,jpn,163
1981,kor,113
1981,mdg,107
1981,mex,100
1981,ncl,4
1981,omn,26
1981,pak,56
1981,phl,999
1981,sun,0
1981,tha,55
1981,twn,26
1981,usa,30
1981,vut,0
1982,aus,1
1982,bra,33
1982,che,0
1982,cpv,3
1982,cub,24
1982,fra,12
1982,hkg,5
1982,hnd,130
1982,idn,2
1982,ind,744
1982,jpn,218
1982,kor,68
1982,mdg,92
1982,mex,225
1982,mmr,11
1982,mus,0
1982,nic,71
1982,phl,563
1982,sau,0
1982,slb,0
1982,ton,7
1982,usa,503
1982,vnm,70
1983,bgd,685
1983,che,0
1983,chn,510
1983,col,1
1983,com,33
1983,cyp,0
1983,dnk,2
1983,fji,9
1983,fra,11
1983,gbr,5
1983,hkg,22
1983,ind,782
1983,irl,10
1983,jpn,175
1983,lca,0
1983,mdg,42
1983,mex,275
1983,mus,1
1983,phl,128
1983,pol,0
1983,pyf,7
1983,sun,0
1983,twn,82
1983,usa,132
1983,vnm,734
1983,wsm,0
1983,zaf,10
1984,aut,12
1984,bel,0
1984,bra,10
1984,che,0
1984,chl,127
1984,chn,13
1984,cpv,29
1984,csk,0
1984,ddr,0
1984,dfr,3
1984,dma,2
1984,esp,9
1984,fra,4
1984,gbr,22
1984,hun,4
1984,ind,524
1984,kna,0
1984,mdg,68
1984,mex,4
1984,moz,109
1984,nld,0
1984,phl,2679
1984,reu,0
1984,sle,60
1984,sun,400
1984,swz,53
1984,tuv,0
1984,usa,517
1984,vnm,155
1984,zaf,64
1985,aus,27
1985,bel,0
1985,bgd,15121
1985,bmu,0
1985,bra,22
1985,can,12
1985,che,0
1985,chn,296
1985,com,2
1985,cub,4
1985,ddr,0
1985,dfr,0
1985,dnk,0
1985,fji,32
1985,fra,0
1985,hkg,2
1985,idn,0
1985,ind,178
1985,jam,7
1985,jpn,49
1985,kor,57
1985,lka,0
1985,moz,0
1985,nld,0
1985,phl,186
1985,slb,0
1985,tca,0
1985,usa,363
1985,vnm,798
1985,vut,9
1986,arg,1
1986,aus,7
1986,bgd,184
1986,bmu,0
1986,can,0
1986,che,0
1986,chl,16
1986,chn,368
1986,col,4
1986,dom,12
1986,fji,1
1986,gbr,0
1986,hkg,5
1986,ind,390
1986,irl,11
1986,jpn,17
1986,kor,33
1986,lca,0
1986,mdg,99
1986,nld,0
1986,npl,1
1986,pak,11
1986,phl,176
1986,slb,101
1986,twn,65
1986,usa,1
1986,vnm,435
1986,wlf,1
1987,arg,1
1987,bgd,12
1987,bmu,0
1987,brb,0
1987,can,26
1987,che,1
1987,chn,406
1987,cok,5
1987,com,24
1987,csk,0
1987,dom,3
1987,egy,30
1987,esp,0
1987,fji,1
1987,fra,4
1987,fsm,5
1987,gbr,20
1987,gnb,1
1987,grc,48
1987,gum,0
1987,ind,166
1987,ita,62
1987,jpn,8
1987,kor,619
1987,lca,0
1987,phl,1094
1987,reu,10
1987,tkl,0
1987,tuv,0
1987,twn,61
1987,usa,151
1987,vct,0
1987,vnm,123
1987,vut,48
1988,aus,1
1988,bgd,1064
1988,chn,335
1988,col,26
1988,cri,28
1988,cub,0
1988,dza,0
1988,hkg,0
1988,hnd,0
1988,hti,54
1988,ind,74
1988,jam,49
1988,ken,50
1988,lca,0
1988,mex,288
1988,moz,100
1988,nic,130
1988,npl,70
1988,nzl,6
1988,pak,36
1988,pan,30
1988,phl,788
1988,tcd,11
1988,usa,27
1988,ven,11
1988,vnm,157
1988,vut,0
1989,ant,11
1989,asm,0
1989,atg,2
1989,aus,12
1989,bgd,815
1989,bmu,0
1989,bra,36
1989,can,0
1989,chn,1115
1989,com,0
1989,dma,0
1989,dom,0
1989,esp,33
1989,fra,9
1989,gbr,13
1989,glp,5
1989,hkg,9
1989,ind,93
1989,jpn,15
1989,kna,1
1989,kor,109
1989,lso,0
1989,mdg,46
1989,msr,11
1989,mtq,0
1989,mus,1
1989,phl,378
1989,pri,0
1989,prt,0
1989,reu,10
1989,tha,458
1989,twn,13
1989,usa,119
1989,vir,0
1989,vnm,959
1989,wsm,0
1990,atg,0
1990,aus,0
1990,aut,3
1990,bel,16
1990,bgd,693
1990,bhs,0
1990,che,5
1990,chn,629
1990,cok,1
1990,deu,64
1990,dnk,3
1990,esp,9
1990,fin,0
1990,fji,0
1990,fra,43
1990,gbr,83
1990,glp,0
1990,grc,3
1990,grd,0
1990,hti,0
1990,ind,1843
1990,irl,2
1990,ita,6
1990,jpn,40
1990,kna,0
1990,kor,27
1990,lux,0
1990,mex,38
1990,mng,36
1990,msr,0
1990,mtq,8
1990,niu,0
1990,nld,20
1990,nor,0
1990,phl,737
1990,pol,0
1990,swe,0
1990,tca,0
1990,tha,36
1990,tkl,0
1990,ton,1
1990,tto,0
1990,tuv,0
1990,twn,5
1990,usa,162
1990,vnm,102
1990,wsm,8
1990,zaf,2
1991,aus,0
1991,aut,0
1991,bgd,138987
1991,can,0
1991,chn,255
1991,deu,0
1991,gbr,48
1991,hkg,22
1991,ind,125
1991,irl,0
1991,irn,22
1991,isr,5
1991,jor,2
1991,jpn,101
1991,kor,72
1991,lao,0
1991,mdg,36
1991,mdv,0
1991,mex,13
1991,mhl,0
1991,mng,6
1991,mrt,4
1991,mus,0
1991,npl,6
1991,phl,6083
1991,sun,41
1991,tha,38
1991,tur,1
1991,twn,33
1991,usa,87
1991,vnm,297
1991,wsm,13
1992,aus,2
1992,bgd,23
1992,bhs,4
1992,chl,0
1992,chn,860
1992,fji,1
1992,fra,48
1992,gum,1
1992,hkg,2
1992,ind,85
1992,irn,0
1992,jpn,11
1992,kor,0
1992,lao,22
1992,lbn,25
1992,mex,3
1992,nor,0
1992,nzl,0
1992,pan,12
1992,phl,101
1992,slb,0
1992,tha,6
1992,twn,8
1992,ukr,0
1992,usa,97
1992,vnm,31
1992,vut,2
1993,afg,10
1993,arg,15
1993,aus,0
1993,aut,0
1993,bgd,452
1993,bgr,0
1993,che,2
1993,chn,214
1993,cub,5
1993,deu,6
1993,eri,3
1993,fji,21
1993,fra,12
1993,gnb,0
1993,hkg,89
1993,ind,186
1993,irn,0
1993,ita,9
1993,jpn,113
1993,kor,32
1993,lao,8
1993,ltu,6
1993,mac,0
1993,mex,38
1993,mng,7
1993,mtq,2
1993,nic,37
1993,nor,0
1993,pak,609
1993,phl,518
1993,png,15
1993,prk,6
1993,reu,14
1993,rou,3
1993,slb,4
1993,tha,4
1993,tuv,0
1993,ury,0
1993,usa,291
1993,ven,100
1993,vnm,206
1993,vut,4
1993,zaf,7
1994,aus,27
1994,aut,0
1994,bgd,205
1994,bra,0
1994,btn,17
1994,can,0
1994,che,0
1994,chn,1486
1994,cub,2
1994,deu,11
1994,esp,12
1994,hti,1122
1994,ind,219
1994,ita,3
1994,jam,4
1994,jpn,3
1994,kor,28
1994,lca,4
1994,mda,3
1994,mdg,212
1994,mmr,17
1994,moz,240
1994,mus,2
1994,nld,0
1994,pak,36
1994,phl,248
1994,pol,1
1994,rou,0
1994,rus,12
1994,som,30
1994,tha,19
1994,tur,30
1994,twn,45
1994,tza,4
1994,usa,165
1994,vnm,30
1994,zaf,2
1995,ant,2
1995,arg,6
1995,atg,2
1995,aus,8
1995,bel,6
1995,bgd,753
1995,bhs,0
1995,brb,0
1995,can,2
1995,chn,681
1995,cri,0
1995,cub,2
1995,deu,5
1995,dji,0
1995,dma,2
1995,dom,11
1995,fra,16
1995,gbr,9
1995,glp,0
1995,hnd,18
1995,ind,222
1995,jpn,3
1995,kaz,112
1995,kna,0
1995,kor,73
1995,lao,26
1995,lbr,0
1995,lux,0
1995,mex,170
1995,msr,0
1995,mtq,0
1995,nic,38
1995,nld,1
1995,phl,1249
1995,pri,1
1995,rus,145
1995,tha,27
1995,usa,150
1995,vir,7
1995,vnm,16
1996,aus,7
1996,azo,0
1996,bgd,626
1996,can,0
1996,chn,637
1996,cri,54
1996,cub,0
1996,deu,0
1996,dom,24
1996,fra,1
1996,gbr,5
1996,gtm,0
1996,hnd,1
1996,hti,66
1996,ind,1537
1996,irl,2
1996,irn,9
1996,jam,0
1996,jpn,6
1996,lso,0
1996,mar,14
1996,mdg,9
1996,mex,16
1996,moz,11
1996,mtq,0
1996,mus,3
1996,mys,270
1996,nic,44
1996,npl,20
1996,nzl,1
1996,phl,38
1996,pri,18
1996,slv,12
1996,tha,9
1996,twn,65
1996,usa,287
1996,vgb,0
1996,vnm,789
1997,bgd,425
1997,blr,5
1997,bra,3
1997,can,1
1997,chl,4
1997,chn,282
1997,cok,19
1997,egy,18
1997,esp,25
1997,fji,25
1997,gum,0
1997,hkg,1
1997,ind,25
1997,ita,22
1997,jpn,7
1997,khm,25
1997,mdg,174
1997,mex,242
1997,moz,0
1997,mys,2
1997,nld,2
1997,nzl,3
1997,pak,41
1997,per,518
1997,phl,49
1997,png,32
1997,prk,0
1997,prt,11
1997,pry,33
1997,rou,12
1997,slv,4
1997,tha,198
1997,ton,0
1997,twn,44
1997,ukr,11
1997,ury,1
1997,usa,180
1997,vnm,3692
1998,arg,0
1998,atg,2
1998,bel,0
1998,bgd,321
1998,blz,9
1998,can,28
1998,che,0
1998,chn,96
1998,cri,8
1998,cub,6
1998,deu,3
1998,dom,347
1998,esp,0
1998,fra,6
1998,gbr,35
1998,glp,0
1998,gtm,384
1998,hnd,14600
1998,hti,190
1998,ind,3471
1998,irl,2
1998,jpn,41
1998,kna,5
1998,kor,100
1998,mex,255
1998,nic,3332
1998,nld,0
1998,pak,12
1998,pan,3
1998,phl,594
1998,pri,0
1998,rus,8
1998,slv,475
1998,ton,0
1998,twn,13
1998,usa,203
1998,vir,0
1998,vnm,368
1998,vut,0
1998,zaf,18
1999,aia,0
1999,atg,2
1999,aus,7
1999,bdi,0
1999,bel,2
1999,bgd,128
1999,bgr,0
1999,bhs,1
1999,bih,0
1999,can,7
1999,che,12
1999,chn,496
1999,col,2
1999,cub,4
1999,deu,18
1999,dma,0
1999,dnk,7
1999,esp,6
1999,fji,12
1999,fra,99
1999,gbr,11
1999,glp,4
1999,grd,0
1999,hkg,2
1999,hun,40
1999,ind,10378
1999,irl,8
1999,jpn,26
1999,kna,0
1999,kor,4
1999,lca,0
1999,ltu,2
1999,lva,6
1999,mex,9
1999,mrt,1
1999,mtq,0
1999,mus,0
1999,ncl,0
1999,nga,100
1999,pak,258
1999,phl,100
1999,pol,3
1999,pri,1
1999,rus,12
1999,sen,187
1999,sle,13
1999,spi,0
1999,swe,3
1999,tjk,0
1999,ury,1
1999,usa,227
1999,vct,0
1999,vir,3
1999,vnm,10
1999,vut,32
1999,zaf,26
2000,arg,1
2000,aus,1
2000,aut,0
2000,bgd,99
2000,blz,14
2000,can,11
2000,chn,173
2000,fra,6
2000,gbr,16
2000,ind,0
2000,irl,1
2000,irn,3
2000,isr,3
2000,jor,9
2000,jpn,13
2000,kor,33
2000,lka,5
2000,mda,0
2000,mdg,153
2000,mex,31
2000,mng,23
2000,moz,32
2000,mys,0
2000,nga,0
2000,nic,2
2000,nzl,0
2000,phl,394
2000,prk,46
2000,prt,5
2000,reu,2
2000,rou,14
2000,rus,9
2000,slv,1
2000,tha,2
2000,twn,103
2000,uga,0
2000,ukr,10
2000,ury,0
2000,usa,105
2000,vnm,23
2000,zaf,1
2001,arg,20
2001,aus,2
2001,bgd,238
2001,bgr,2
2001,bhs,0
2001,blz,30
2001,bra,13
2001,caf,3
2001,can,11
2001,chl,2
2001,chn,344
2001,cok,0
2001,col,5
2001,cub,5
2001,cym,0
2001,deu,6
2001,dom,3
2001,esp,10
2001,fra,14
2001,geo,0
2001,gtm,8
2001,hnd,21
2001,hti,0
2001,ind,99
2001,ita,0
2001,jam,1
2001,jpn,22
2001,kor,11
2001,lso,1
2001,mex,5
2001,mng,16
2001,nic,16
2001,pak,4
2001,phl,587
2001,rus,8
2001,shn,0
2001,syr,27
2001,tha,0
2001,tjk,0
2001,ton,0
2001,twn,194
2001,usa,82
2001,vnm,53
2001,vut,2
2001,yem,30
2001,zaf,14
2002,alb,6
2002,arg,3
2002,aus,0
2002,aut,3
2002,bel,5
2002,bgd,122
2002,bol,20
2002,brb,0
2002,che,1
2002,chn,108
2002,cub,3
2002,cym,0
2002,cze,2
2002,deu,22
2002,dnk,1
2002,fra,5
2002,fsm,47
2002,gbr,7
2002,grc,2
2002,grd,0
2002,gtm,2
2002,gum,1
2002,hti,4
2002,ind,144
2002,jam,4
2002,jpn,7
2002,kor,204
2002,lbn,0
2002,mdg,22
2002,mex,16
2002,mng,3
2002,mnp,0
2002,moz,3
2002,mus,3
2002,mys,2
2002,ner,4
2002,nic,2
2002,nld,4
2002,pak,14
2002,per,59
2002,phl,215
2002,pol,9
2002,prk,3
2002,pry,0
2002,reu,0
2002,rus,8
2002,sdn,33
2002,slb,0
2002,slv,0
2002,swe,1
2002,syc,0
2002,tha,1
2002,tur,10
2002,twn,1
2002,uga,0
2002,ury,2
2002,usa,190
2002,vct,4
2002,vnm,0
2002,zaf,23
2003,arg,12
2003,aus,1
2003,bgd,51
2003,bmu,4
2003,can,2
2003,che,0
2003,chn,61
2003,cod,28
2003,com,0
2003,cyp,0
2003,deu,15
2003,dom,8
2003,dza,13
2003,fji,17
2003,fra,6
2003,fsm,0
2003,gmb,3
2003,hkg,4
2003,hti,26
2003,ind,164
2003,jpn,21
2003,kor,130
2003,mdg,89
2003,mex,4
2003,moz,11
2003,ncl,2
2003,nzl,2
2003,omn,30
2003,pak,51
2003,phl,95
2003,pri,0
2003,rus,0
2003,slb,0
2003,tha,0
2003,twn,3
2003,usa,172
2003,vnm,0
2003,zaf,0
2003,zwe,8
2004,asm,0
2004,aus,3
2004,bdi,0
2004,bgd,239
2004,bhs,12
2004,bra,4
2004,brb,1
2004,can,0
2004,chn,249
2004,cub,4
2004,cym,2
2004,cyp,0
2004,deu,2
2004,dom,15
2004,egy,13
2004,fji,16
2004,fra,11
2004,fsm,1
2004,gmb,2
2004,grc,0
2004,grd,39
2004,gum,1
2004,hti,2757
2004,idn,4
2004,irl,0
2004,irn,0
2004,ita,2
2004,jam,16
2004,jpn,199
2004,kor,14
2004,lca,0
2004,mdg,395
2004,mmr,236
2004,mnp,3
2004,mys,1
2004,nic,0
2004,niu,1
2004,phl,1861
2004,pri,2
2004,rou,12
2004,rus,9
2004,sen,2
2004,svk,2
2004,syr,5
2004,tca,0
2004,tha,14
2004,ton,0
2004,tto,1
2004,tur,25
2004,twn,79
2004,usa,215
2004,vct,0
2004,ven,5
2004,vir,0
2004,vnm,70
2004,vut,2
2004,wsm,1
2005,afg,260
2005,alb,2
2005,arg,11
2005,asm,0
2005,aus,1
2005,bgd,177
2005,bgr,0
2005,bhs,1
2005,bih,4
2005,blz,3
2005,bra,2
2005,can,0
2005,chl,45
2005,chn,426
2005,cod,8
2005,cok,0
2005,col,0
2005,cri,1
2005,cub,20
2005,cze,0
2005,deu,2
2005,dnk,4
2005,dom,9
2005,dza,10
2005,est,1
2005,gbr,10
2005,gtm,1513
2005,hnd,53
2005,hrv,2
2005,hti,71
2005,hun,4
2005,ind,82
2005,irl,0
2005,irn,0
2005,jam,6
2005,jpn,135
2005,kor,11
2005,ltu,0
2005,lva,0
2005,mar,1
2005,mdg,78
2005,mex,47
2005,mkd,1
2005,mwi,11
2005,nic,7
2005,nld,0
2005,nor,0
2005,nzl,0
2005,pak,58
2005,phl,34
2005,pol,0
2005,rou,3
2005,rus,0
2005,scg,0
2005,slv,69
2005,spi,19
2005,swe,7
2005,swz,0
2005,tha,10
2005,tkl,0
2005,tto,0
2005,tur,2
2005,twn,17
2005,ury,7
2005,usa,1882
2005,vct,0
2005,vnm,116
2005,wsm,9
2006,afg,71
2006,aus,0
2006,bdi,0
2006,bgd,154
2006,che,1
2006,chn,1500
2006,cod,3
2006,cub,0
2006,deu,11
2006,fji,0
2006,fra,5
2006,grc,3
2006,hti,5
2006,hun,5
2006,ind,190
2006,ita,1
2006,jpn,20
2006,kgz,4
2006,mdg,4
2006,mex,15
2006,mmr,34
2006,phl,1805
2006,swz,1
2006,tls,0
2006,twn,3
2006,usa,93
2006,vnm,401
2007,aus,2
2007,aut,0
2007,bel,2
2007,bgd,4275
2007,bhs,1
2007,blr,0
2007,blz,0
2007,can,6
2007,che,0
2007,chn,95
2007,cub,1
2007,cze,4
2007,deu,18
2007,dma,2
2007,dnk,0
2007,dom,163
2007,esp,1
2007,fji,1
2007,fra,5
2007,gbr,13
2007,glp,0
2007,gtm,0
2007,hnd,1
2007,hti,102
2007,ind,0
2007,irn,12
2007,jam,5
2007,jpn,13
2007,kor,20
2007,lbr,0
2007,lca,1
2007,mdg,81
2007,mex,20
2007,moz,10
2007,mtq,1
2007,mus,2
2007,nic,177
2007,nld,7
2007,nzl,0
2007,omn,76
2007,pak,242
2007,phl,78
2007,png,172
2007,pol,19
2007,pri,1
2007,prk,0
2007,reu,2
2007,rus,0
2007,slv,0
2007,svn,6
2007,tcd,14
2007,twn,18
2007,ukr,0
2007,usa,264
2007,vnm,96
2007,zwe,0
2008,atg,0
2008,aus,1
2008,aut,4
2008,bel,0
2008,bgd,27
2008,bhs,0
2008,blz,7
2008,bol,0
2008,bra,3
2008,chn,66
2008,cod,10
2008,cri,4
2008,cub,7
2008,cym,0
2008,cze,2
2008,deu,8
2008,dom,13
2008,fji,7
2008,fra,3
2008,gmb,0
2008,gtm,17
2008,hkg,2
2008,hnd,0
2008,hti,698
2008,ind,111
2008,irn,28
2008,jam,13
2008,kna,0
2008,lka,9
2008,lso,0
2008,mdg,105
2008,mex,2
2008,mmr,138366
2008,mng,52
2008,moz,9
2008,nic,13
2008,nld,0
2008,nor,0
2008,phl,819
2008,pol,2
2008,pry,0
2008,rou,0
2008,tca,4
2008,tha,0
2008,twn,54
2008,tza,0
2008,usa,258
2008,vnm,254
2008,zaf,5
2009,arg,10
2009,aus,1
2009,aut,0
2009,ben,0
2009,bgd,197
2009,bra,4
2009,btn,12
2009,bwa,0
2009,caf,3
2009,can,2
2009,che,0
2009,chn,169
2009,cze,2
2009,deu,1
2009,esp,14
2009,fji,2
2009,fra,11
2009,gab,0
2009,gbr,2
2009,gmb,0
2009,hkg,0
2009,ind,218
2009,ita,3
2009,jpn,16
2009,khm,19
2009,lao,16
2009,mdg,27
2009,mex,4
2009,moz,0
2009,nic,0
2009,phl,1242
2009,pol,8
2009,pry,0
2009,slv,275
2009,twn,630
2009,tza,0
2009,usa,74
2009,vnm,306
2009,zaf,18
2010,atg,0
2010,aus,1
2010,bdi,9
2010,bel,1
2010,bgd,26
2010,blz,0
2010,brb,0
2010,che,0
2010,chn,139
2010,cok,0
2010,deu,4
2010,dnk,0
2010,dom,0
2010,egy,31
2010,esp,3
2010,fji,2
2010,fra,53
2010,gab,0
2010,gbr,0
2010,gtm,174
2010,hkg,1
2010,hnd,22
2010,hti,27
2010,ind,287
2010,ita,3
2010,jam,15
2010,kor,12
2010,lca,14
2010,lux,0
2010,mdg,120
2010,mex,43
2010,mmr,45
2010,nic,5
2010,nld,0
2010,omn,16
2010,pak,23
2010,phl,212
2010,prk,20
2010,prt,3
2010,pyf,1
2010,slb,0
2010,slv,18
2010,twn,34
2010,usa,118
2010,vct,0
2010,ven,8
2010,vnm,35
2010,zaf,40
2011,afg,21
2011,aus,1
2011,bdi,12
2011,bel,5
2011,bgd,13
2011,bhs,0
2011,caf,1
2011,can,1
2011,che,0
2011,chn,44
2011,dma,0
2011,dom,7
2011,fra,0
2011,gtm,5
2011,hti,3
2011,ind,106
2011,jpn,86
2011,lka,22
2011,mdg,35
2011,mex,43
2011,moz,12
2011,mtq,1
2011,nga,11
2011,nor,4
2011,omn,14
2011,per,16
2011,phl,1782
2011,png,0
2011,pri,1
2011,prk,10
2011,pry,0
2011,rus,1
2011,sdn,20
2011,slb,0
2011,tha,18
2011,ton,3
2011,uga,23
2011,usa,756
2011,vnm,16
2011,vut,0
2011,zaf,6
2012,arg,19
2012,bgd,133
2012,bhs,1
2012,caf,0
2012,can,0
2012,chn,75
2012,cub,12
2012,dom,8
2012,fji,2
2012,geo,0
2012,hti,88
2012,idn,21
2012,ind,40
2012,jam,1
2012,jpn,143
2012,kor,22
2012,lka,0
2012,mdg,112
2012,mex,19
2012,moz,33
2012,mwi,0
2012,nga,15
2012,nzl,3
2012,phl,2039
2012,plw,0
2012,pol,1
2012,pri,0
2012,prk,59
2012,pry,5
2012,twn,14
2012,usa,190
2012,vnm,38
2012,wlf,0
2012,wsm,12
2012,zaf,0
2013,arg,4
2013,arm,0
2013,aus,6
2013,bel,0
2013,bgd,50
2013,bra,2
2013,caf,0
2013,can,0
2013,che,0
2013,chn,265
2013,deu,7
2013,dnk,2
2013,esp,0
2013,fra,2
2013,gbr,11
2013,geo,0
2013,hun,0
2013,ind,106
2013,isr,4
2013,jpn,57
2013,lka,7
2013,mdg,51
2013,mex,210
2013,nld,2
2013,nzl,0
2013,phl,7415
2013,plw,0
2013,pol,4
2013,prt,1
2013,pry,0
2013,pse,1
2013,som,162
2013,swe,7
2013,syc,0
2013,twn,5
2013,usa,140
2013,vnm,74
2013,zaf,3
2014,afg,63
2014,aus,0
2014,bel,0
2014,bgd,20
2014,bgr,1
2014,che,2
2014,chn,329
2014,col,11
2014,com,0
2014,deu,8
2014,esp,3
2014,fra,8
2014,gbr,5
2014,gtm,5
2014,ind,119
2014,irl,1
2014,ita,5
2014,jpn,129
2014,kgz,0
2014,kor,24
2014,lso,0
2014,mar,49
2014,mdg,17
2014,mex,19
2014,npl,83
2014,pak,16
2014,phl,326
2014,png,0
2014,prt,1
2014,reu,1
2014,tha,0
2014,ton,1
2014,twn,0
2014,usa,136
2014,vnm,38
2014,vut,12
2015,arg,8
2015,aus,8
2015,bgd,117
2015,bhs,33
2015,bra,2
2015,caf,1
2015,chl,6
2015,chn,119
2015,cpv,9
2015,dma,30
2015,dom,0
2015,egy,25
2015,fra,3
2015,fsm,5
2015,gbr,3
2015,hti,5
2015,ind,212
2015,irl,1
2015,isr,0
2015,ita,3
2015,jpn,11
2015,khm,0
2015,kir,0
2015,lbn,5
2015,mdg,95
2015,mex,42
2015,mmr,3
2015,mnp,0
2015,mwi,5
2015,omn,0
2015,phl,148
2015,png,0
2015,pol,1
2015,pry,2
2015,pse,4
2015,slb,9
2015,slv,12
2015,som,0
2015,syr,13
2015,tha,3
2015,tuv,0
2015,twn,9
2015,tza,47
2015,usa,218
2015,vnm,18
2015,vut,11
2015,yem,26
2015,zwe,10
2016,aus,5
2016,bel,1
2016,bgd,87
2016,bhs,0
2016,blz,0
2016,chn,340
2016,cri,9
2016,cub,0
2016,dom,6
2016,egy,26
2016,fji,47
2016,gtm,0
2016,hnd,1
2016,hti,546
2016,ind,128
2016,irn,4
2016,jam,0
2016,jpn,25
2016,kor,9
2016,lca,0
2016,mex,65
2016,mmr,32
2016,moz,12
2016,nga,28
2016,nic,0
2016,nld,0
2016,pak,34
2016,pan,7
2016,phl,34
2016,sau,3
2016,ton,0
2016,twn,10
2016,usa,199
2016,vct,1
2016,vnm,71
2016,zwe,31
2017,afg,67
2017,aia,4
2017,atg,1
2017,aus,12
2017,aut,5
2017,bgd,19
2017,bhs,0
2017,blm,4
2017,brb,1
2017,caf,0
2017,chn,91
2017,col,0
2017,cri,13
2017,cub,10
2017,cze,0
2017,deu,5
2017,dma,64
2017,dom,5
2017,fra,2
2017,gha,20
2017,glp,4
2017,gtm,8
2017,hkg,1
2017,hnd,3
2017,hrv,0
2017,hti,4
2017,hun,0
2017,idn,11
2017,ind,940
2017,ita,13
2017,jam,0
2017,jpn,12
2017,kna,0
2017,lao,0
2017,lka,27
2017,mac,10
2017,maf,12
2017,mdg,81
2017,mex,29
2017,mmr,0
2017,moz,7
2017,mrt,18
2017,mtq,0
2017,mys,0
2017,nic,15
2017,nzl,0
2017,pak,26
2017,pan,7
2017,phl,200
2017,pol,6
2017,pri,66
2017,rou,9
2017,rus,16
2017,rwa,3
2017,slv,10
2017,svk,0
2017,sxm,4
2017,tca,0
2017,tha,0
2017,tur,0
2017,twn,1
2017,usa,263
2017,vgb,9
2017,vir,7
2017,vnm,147
2017,vut,0
2017,zaf,20
2017,zwe,251
2018,arg,2
2018,arm,0
2018,bel,1
2018,bgd,33
2018,can,0
2018,che,0
2018,chn,110
2018,cub,9
2018,deu,5
2018,dji,2
2018,dom,0
2018,esp,2
2018,fji,7
2018,fra,6
2018,gbr,2
2018,gnb,3
2018,hkg,0
2018,ind,625
2018,irl,2
2018,ita,12
2018,jpn,24
2018,lao,0
2018,lbn,15
2018,mdg,94
2018,mex,20
2018,mng,0
2018,mnp,2
2018,mus,0
2018,nld,3
2018,omn,6
2018,phl,302
2018,pri,0
2018,prk,86
2018,prt,2
2018,reu,0
2018,slb,0
2018,som,53
2018,ton,0
2018,twn,7
2018,ukr,0
2018,usa,158
2018,vnm,67
2018,wsm,0
2018,yem,49
2019,arm,0
2019,aut,11
2019,bgd,94
2019,bhs,356
2019,can,1
2019,che,4
2019,chn,81
2019,com,8
2019,cub,6
2019,deu,1
2019,esp,8
2019,fji,1
2019,fra,8
2019,fsm,0
2019,gmb,4
2019,grc,7
2019,gtm,4
2019,hun,0
2019,ind,172
2019,ita,4
2019,jpn,102
2019,kor,20
2019,lbn,3
2019,lux,0
2019,mdg,8
2019,mex,4
2019,mhl,0
2019,mng,0
2019,moz,648
2019,npl,28
2019,pak,39
2019,phl,92
2019,pol,4
2019,prk,5
2019,prt,3
2019,som,6
2019,svk,1
2019,tha,7
2019,twn,2
2019,tza,0
2019,usa,139
2019,vnm,4
2019,zaf,4
2019,zwe,628
2020,afg,13
2020,arg,0
2020,arm,0
2020,aus,0
2020,bdi,2
2020,bel,0
2020,bgd,26
2020,blz,0
2020,bra,12
2020,can,0
2020,che,0
2020,chn,26
2020,col,23
2020,cri,0
2020,cub,0
2020,cze,1
2020,deu,0
2020,dom,6
2020,esp,17
2020,fji,8
2020,fra,18
2020,gbr,4
2020,grc,4
2020,gtm,164
2020,hnd,129
2020,hti,39
2020,ind,121
2020,irl,0
2020,ita,7
2020,jpn,23
2020,khm,44
2020,kor,29
2020,lao,2
2020,lka,4
2020,mdg,4
2020,mex,42
2020,mng,0
2020,nic,20
2020,pak,107
2020,pan,83
2020,phl,190
2020,pol,3
2020,pri,1
2020,slb,48
2020,slv,33
2020,som,9
2020,svn,1
2020,swe,1
2020,tha,13
2020,ton,0
2020,tur,2
2020,tuv,0
2020,twn,1
2020,uga,8
2020,ury,0
2020,usa,175
2020,vnm,305
2020,vut,3
2020,zaf,10
2021,aus,1
2021,bel,0
2021,bgd,3
2021,brb,0
2021,can,1
2021,che,0
2021,chl,0
2021,chn,55
2021,cub,0
2021,cze,6
2021,deu,1
2021,dom,2
2021,esp,5
2021,fji,6
2021,fra,0
2021,gbr,1
2021,gmb,10
2021,hkg,2
2021,hti,0
2021,idn,226
2021,ind,249
2021,irl,0
2021,irn,12
2021,jpn,23
2021,khm,1
2021,kor,0
2021,lao,0
2021,lca,1
2021,lka,0
2021,lso,0
2021,mdg,2
2021,mdv,0
2021,mex,32
2021,mng,12
2021,moz,11
2021,mwi,13
2021,ncl,0
2021,nld,0
2021,nzl,1
2021,omn,20
2021,pak,23
2021,phl,567
2021,plw,0
2021,pol,4
2021,sdn,0
2021,swz,0
2021,tha,2
2021,tls,41
2021,twn,18
2021,tza,0
2021,ukr,1
2021,usa,494
2021,vct,0
2021,vnm,11
2021,zaf,27
2021,zwe,3
2022,aut,5
2022,bel,2
2022,bgd,35
2022,blz,0
2022,can,17
2022,chn,24
2022,col,0
2022,cri,0
2022,cub,6
2022,cze,1
2022,deu,7
2022,dnk,1
2022,dom,2
2022,fji,1
2022,fra,6
2022,gbr,6
2022,glp,1
2022,gtm,4
2022,hnd,5
2022,ind,20
2022,irl,1
2022,irq,1
2022,ita,2
2022,jpn,27
2022,khm,16
2022,kor,12
2022,lka,3
2022,mdg,190
2022,mex,38
2022,moz,115
2022,mus,1
2022,mwi,71
2022,nga,7
2022,nic,5
2022,nld,4
2022,nor,0
2022,npl,21
2022,nzl,0
2022,pak,22
2022,phl,521
2022,pol,7
2022,pri,25
2022,reu,0
2022,rus,6
2022,slv,11
2022,swz,0
2022,syr,2
2022,tha,2
2022,twn,0
2022,usa,322
2022,ven,0
2022,vnm,30
2022,zwe,0
2023,arg,13
2023,arm,0
2023,aus,10
2023,bel,2
2023,bgd,16
2023,bgr,4
2023,bih,1
2023,bra,47
2023,brb,0
2023,caf,0
2023,che,2
2023,chn,62
2023,cub,0
2023,deu,4
2023,dom,3
2023,esp,1
2023,fji,0
2023,fra,2
2023,gab,0
2023,gbr,0
2023,grc,0
2023,gum,2
2023,hkg,0
2023,hnd,5
2023,hrv,1
2023,idn,1
2023,ind,79
2023,irn,6
2023,irq,3
2023,ita,10
2023,jpn,8
2023,khm,0
2023,kor,2
2023,lby,13200
2023,lka,9
2023,lso,2
2023,mda,4
2023,mdg,70
2023,mex,84
2023,mmr,156
2023,mng,8
2023,moz,183
2023,mus,1
2023,mwi,1209
2023,nld,1
2023,nzl,11
2023,pak,1
2023,per,8
2023,phl,47
2023,reu,0
2023,rou,2
2023,rus,15
2023,slb,0
2023,sle,15
2023,slv,3
2023,srb,1
2023,svk,0
2023,svn,1
2023,tha,0
2023,tur,23
2023,twn,3
2023,ukr,12
2023,ury,2
2023,usa,126
2023,vct,0
2023,vnm,6
2023,vut,0
2023,yem,7
2023,zaf,6
2023,zwe,2
2024,arg,1
2024,aus,1
2024,aut,5
2024,bdi,0
2024,bgd,18
2024,blz,0
2024,bra,4
2024,brb,0
2024,bwa,0
2024,can,2
2024,che,6
2024,chl,1
2024,chn,153
2024,cod,2
2024,col,1
2024,com,0
2024,cri,0
2024,cub,10
2024,cze,13
2024,dom,2
2024,esp,1
2024,fra,8
2024,gbr,5
2024,grd,8
2024,gtm,10
2024,hnd,3
2024,hti,1
2024,ind,101
2024,irl,0
2024,ita,4
2024,jam,5
2024,jpn,18
2024,kor,1
2024,lao,5
2024,lka,20
2024,mdg,32
2024,mex,46
2024,mhl,0
2024,mmr,460
2024,moz,122
2024,mus,2
2024,mwi,13
2024,myt,35
2024,nga,1
2024,nic,2
2024,nld,1
2024,nzl,0
2024,pak,106
2024,pan,7
2024,per,0
2024,phl,353
2024,pol,9
2024,reu,4
2024,rou,7
2024,slv,19
2024,spi,2
2024,svk,1
2024,tha,47
2024,twn,18
2024,tza,5
2024,uga,14
2024,usa,447
2024,vct,3
2024,ven,9
2024,vnm,365
2024,zaf,47
2025,arg,9
2025,arm,4
2025,aus,5
2025,bgd,13
2025,bol,23
2025,bra,9
2025,chl,0
2025,chn,12
2025,col,2
2025,ecu,97
2025,esp,1
2025,eth,1
2025,fra,0
2025,geo,3
2025,gtm,16
2025,hkg,0
2025,hnd,1
2025,ind,45
2025,irn,0
2025,irq,0
2025,ita,0
2025,mac,0
2025,mdg,8
2025,mex,1
2025,mmr,16
2025,moz,22
2025,mwi,3
2025,npl,14
2025,pak,30
2025,phl,41
2025,reu,5
2025,spi,0
2025,tha,1
2025,twn,2
2025,ury,7
2025,usa,128
2025,ven,0
2025,vnm,20
